contract_id,vendor,agency,first_item_date,original_approved_usd,total_approved_usd,growth_usd,growth_pct,n_changes,months_to_first_change
E75B7400009,scientific games international,LOTT,2017-05-10,217126653.0,410412708.0,193286055.0,89.02,2,74
E00B8400029,revenue solutions,COMP,2018-12-19,117430895.0,117430895.0,0.0,0.0,0,
F50B2600044,strategic communications,DIT,2022-05-11,98000000.0,98000000.0,0.0,0.0,0,
J04B400015,fast enterprises,DOT/MVA,2018-04-04,66864484.0,66864484.0,0.0,0.0,0,
J05B2600003,scheidt and bachmann usa,DOT/MTA,2021-10-06,63640693.0,63640693.0,0.0,0.0,0,
J02B6400004,csc government solutions,DOT/SHA,2016-05-11,27221970.0,56446462.0,29224492.0,107.36,1,59
060B7400081,deloitte consulting services,DIT,2017-04-26,50000000.0,50000000.0,0.0,0.0,0,
J01B6400027,deloitte consulting,DOT,2017-02-08,44800000.0,44800000.0,0.0,0.0,0,
Q00B9400038,global tel link gtl,PS,2019-08-14,42915009.0,42915009.0,0.0,0.0,0,
E00B1600043,teradata government systems,COMP,2021-06-02,36255316.0,36255316.0,0.0,0.0,0,
Q00B1600049,fusion capital management d b a fusion,PS/IT&CD,2020-10-21,31214426.0,31214426.0,0.0,0.0,0,
001B0600408,shi international,DGS,2020-09-23,30000000.0,30000000.0,0.0,0.0,0,
S00B3600009,hp,HCD,2022-10-26,30000000.0,30000000.0,0.0,0.0,0,
001B1600087,verizon wireless,DGS,2021-01-27,28800000.0,28800000.0,0.0,0.0,0,
J05B7400014,trapeze software group,DOT/MTA,2017-04-26,27449855.0,27449855.0,0.0,0.0,0,
E75B1600009,igt global solutions,LOTT,2021-04-07,26931024.0,26931024.0,0.0,0.0,0,
060B6400007,carahsoft technology,DIT,2016-01-27,15000000.0,22000000.0,7000000.0,46.67,1,85
F50B9400020,hamilton telephone,DIT,2020-01-29,20874737.0,20874737.0,0.0,0.0,0,
060B0600016,nic usa,DIT,2019-07-24,9000000.0,20250000.0,11250000.0,125.0,4,14
060B6400011,day 1 solutions,DIT,2016-01-27,20000000.0,20000000.0,0.0,0.0,0,
F50B2600050,carahsoft technology,DIT,2022-06-08,10000000.0,20000000.0,10000000.0,100.0,1,12
F50B3600006,blackwood associates,DIT,2022-11-16,19631000.0,19631000.0,0.0,0.0,0,
D53B7400005,overland contracting,MIEMSS,2018-05-16,15748800.0,15748800.0,0.0,0.0,0,
J01B1600034,bentley systems,DOT,2021-07-07,15146924.0,15146924.0,0.0,0.0,0,
060B7400091,deloitte consulting,DIT,2017-05-24,15000000.0,15000000.0,0.0,0.0,0,
J01B7400006,bentley systems,DOT,2016-07-06,14504504.0,14504504.0,0.0,0.0,0,
F50B7400013,performa software usa,DBM,2016-09-07,8496911.0,14452546.0,5955635.0,70.09,2,36
W00B1600002,colossus d b a interact public safety systems,MSP,2020-10-21,11714705.0,11714705.0,0.0,0.0,0,
001B1600418,emaint enterprises,DGS,2021-06-16,10000000.0,10000000.0,0.0,0.0,0,
M00B6400536,social and scientific systems,HMH,2016-04-27,8975088.0,8975088.0,0.0,0.0,0,
Q00B2600053,911 security,PS,2022-03-23,8400000.0,8400000.0,0.0,0.0,0,
E00B1600005,ca,COMP,2020-12-16,7746115.0,7746115.0,0.0,0.0,0,
F10B2600044,jonas collections and recovery,DBM,2022-06-22,7692006.0,7692006.0,0.0,0.0,0,
R00B2600106,powerschool,EDUC,2022-07-06,7631251.0,7631251.0,0.0,0.0,0,
Q00B9400001,business and decision north america,PS/IT&CD,2018-11-14,7212500.0,7212500.0,0.0,0.0,0,
J04B1600007,ms technologies,DOT/MVA,2021-03-24,6734566.0,6734566.0,0.0,0.0,0,
W00B9400015,axon enterprises,MSP,2018-08-22,6724940.0,6724940.0,0.0,0.0,0,
R00B2600110,shi international,EDUC,2022-09-14,6602134.0,6602134.0,0.0,0.0,0,
060B8400058,bi,DIT,2019-03-20,6173063.0,6173063.0,0.0,0.0,0,
E00B2600026,ibm,COMP,2022-05-11,6123381.0,6123381.0,0.0,0.0,0,
Q00B8400021,gemalto cogent,PS,2018-12-19,6052369.0,6052369.0,0.0,0.0,0,
J01B6400040,ibm,DOT,2016-05-25,6023029.0,6023029.0,0.0,0.0,0,
E00B0600019,ibm,COMP,2020-03-04,5976474.0,5976474.0,0.0,0.0,0,
J02B0600023,g r patel and associates,DOT/SHA,2021-06-02,5952960.0,5952960.0,0.0,0.0,0,
R15B9400089,wgbh educational foundation,MPT,2018-10-03,5761504.0,5761504.0,0.0,0.0,0,
E00B8400037,ibm,COMP,2018-05-02,5761477.0,5761477.0,0.0,0.0,0,
060B8400039,data management formerly time clocks plus,DIT,2019-05-08,5750000.0,5750000.0,0.0,0.0,0,
J01B1600031,ibm,DOT,2021-06-02,5723731.0,5723731.0,0.0,0.0,0,
R15B3600020,contributor development partnership member service bureau,MPT,2022-10-26,5709562.0,5709562.0,0.0,0.0,0,
M00B9400464,dxc technology services,MDH,2019-06-05,5500000.0,5500000.0,0.0,0.0,0,
J01B6400003,kapsch trafficcom usa formerly transdyn,DOT/MdTA,2016-07-06,5182510.0,5182510.0,0.0,0.0,0,
N00B8400393,microsoft,DOHR/OTHS,2018-07-19,5077294.0,5077294.0,0.0,0.0,0,
R95B1600001,ellucian,BCCC,2020-11-04,4913982.0,4913982.0,0.0,0.0,0,
C81B5400002,journal technologies,ATTYGEN,2017-06-21,4435000.0,4435000.0,0.0,0.0,0,
J01B1600019,carbonado technologies,DOT,2021-03-24,4277000.0,4277000.0,0.0,0.0,0,
R00B2600108,edmentum,DGS,2022-12-21,4241781.0,4241781.0,0.0,0.0,0,
J05B7400002,clever devices,DOT/MTA,2017-01-25,2945082.0,4233074.0,1287992.0,43.73,1,30
M00B1600192,dxc ms,MDH,2020-10-21,4159738.0,4159738.0,0.0,0.0,0,
R00B2600114,amplify education,EDUC,2022-10-12,3990000.0,3990000.0,0.0,0.0,0,
R00B2600056,serigor,EDUC,2022-04-27,1157001.0,3903198.5,2746197.5,237.35,2,21
G20B8400005,lrwl,RETAGCY,2017-12-06,3833575.0,3833575.0,0.0,0.0,0,
R00B2600117,e builder,EDUC,2022-06-22,3726111.0,3726111.0,0.0,0.0,0,
001B8400083,periscope,DIT,2017-07-26,3682404.0,3682404.0,0.0,0.0,0,
F50B6400030,teltex,DIT,2016-06-22,3600000.0,3600000.0,0.0,0.0,0,
M00B9400253,vitalchek network lexis nexis,MDH,2018-12-19,3542992.0,3542992.0,0.0,0.0,0,
J01B0600011,vidsys,DOT,2020-01-08,3295077.0,3295077.0,0.0,0.0,0,
J01B8400029,carahsoft technology,DOT,2018-05-02,3236670.0,3236670.0,0.0,0.0,0,
M00B3600063,kzn consulting,MDH,2022-07-27,3229478.0,3229478.0,0.0,0.0,0,
J05B9400008,trapeze software group,DOT/MTA,2018-12-19,3212340.0,3212340.0,0.0,0.0,0,
F50B6400032,blue collar objects,DIT,2016-05-25,728198.0,3143730.0,2415532.0,331.71,1,23
E20B8400001,a and t systems,TREAS,2018-09-05,3050820.0,3050820.0,0.0,0.0,0,
M00B1600056,health risk screening,DOHR,2020-10-07,2952000.0,3021000.0,69000.0,2.34,1,11
J04B2600001,entrust datacard,DOT/MVA,2021-07-07,2894688.0,2894688.0,0.0,0.0,0,
J05B1600009,cubic transportation systems,DOT/MTA,2020-12-16,2763754.0,2892780.0,129026.0,4.67,0,
M00B9400286,in metrix,MDH,2019-05-08,2871972.0,2871972.0,0.0,0.0,0,
J01B6400051,ecosys management,DOT,2017-10-18,2761015.0,2761015.0,0.0,0.0,0,
P00B2600047,peraton state and local,MDL,2022-06-08,2685800.0,2685800.0,0.0,0.0,0,
M00B1600104,tierpoint,MDH,2020-09-02,2550530.0,2550530.0,0.0,0.0,0,
Q00B9400002,appriss,PS,2018-12-19,2480540.0,2480540.0,0.0,0.0,0,
E50B3600001,thomson reuter manatron,DAAT,2022-12-21,2417532.0,2417532.0,0.0,0.0,0,
Q00B8400001,datamaxx applied technologies,PS,2017-06-07,522596.0,2416074.0,1893478.0,362.32,0,
P00B1600073,american prison data systems pbc,MDL,2021-07-28,2392490.0,2392490.0,0.0,0.0,0,
P00B1600046,nec of america,MDL,2021-02-24,2380547.6,2380547.6,0.0,0.0,0,
E00B0600034,compuware,COMP,2020-05-06,2376700.0,2376700.0,0.0,0.0,0,
E00B6400084,ibm,COMP,2016-05-25,2347955.0,2347955.0,0.0,0.0,0,
060B2490022,ats applied technology services,MDH,2019-10-30,1542907.0,2286368.0,743461.0,48.19,0,
Q00B1600037,computer projects of illinois,PS,2021-07-28,2282118.0,2282118.0,0.0,0.0,0,
J05B3600003,swiftly,DOT/MTA,2022-12-21,2277370.0,2277370.0,0.0,0.0,0,
M00B7400039,santeon,HMH,2016-05-25,2272620.0,2272620.0,0.0,0.0,0,
E50B0600001,thomson reuter manatron,DAAT,2019-10-02,2191032.0,2191032.0,0.0,0.0,0,
J05B1600001,trapeze software group,DOT/MTA,2020-09-23,2183937.0,2183937.0,0.0,0.0,0,
J01B6400039,ibm,DOT,2016-05-25,2100097.0,2100097.0,0.0,0.0,0,
J01B0600021,carahsoft technology,DOT/MdTA,2021-03-10,2054832.0,2054832.0,0.0,0.0,0,
060B8400061,frost and sullivan,DIT,2018-08-01,2000000.0,2000000.0,0.0,0.0,0,
001B0600386,mci communications services d b a verizon business services,DGS,2020-05-20,2000000.0,2000000.0,0.0,0.0,0,
J01B2600025,ibm,DOT,2022-06-08,1977913.0,1977913.0,0.0,0.0,0,
J01B8400025,ibm,DOT,2018-05-16,1977232.0,1977232.0,0.0,0.0,0,
J05B0600012,swiftly,DOT/MTA,2020-01-08,1950000.0,1950000.0,0.0,0.0,0,
F10B0600060,ms technologies,DBM,2020-07-01,1944000.0,1944000.0,0.0,0.0,0,
J05B2600002,adp,DOT/MTA,2021-07-28,1895566.0,1895566.0,0.0,0.0,0,
J01P0600140,mythics,DOT,2020-11-18,1888967.0,1888967.0,0.0,0.0,0,
J01B1600033,ibm,DOT,2021-06-02,1887170.0,1887170.0,0.0,0.0,0,
Q00B0600031,gemalto cogent,PS/IT&CD,2019-10-30,1876021.0,1876021.0,0.0,0.0,0,
V00B6400109,sentinel offender services,DJS,2016-04-06,1856938.0,1856938.0,0.0,0.0,0,
D53B3600001,imagetrend,MIEMSS,2022-06-22,1817320.0,1817320.0,0.0,0.0,0,
J01B8400008,coban technologies,DOT/MdTA,2018-10-17,1800000.0,1800000.0,0.0,0.0,0,
J01B1600001,ibm,DOT,2020-06-17,1798355.0,1798355.0,0.0,0.0,0,
R00B1600001,alliance enterprises,EDUC,2020-08-12,1778529.0,1778529.0,0.0,0.0,0,
J01B0600001,ibm,DOT,2019-06-05,1742838.0,1742838.0,0.0,0.0,0,
E00B3600004,recovery point systems,COMP,2022-08-10,1738213.0,1738213.0,0.0,0.0,0,
E00B9400053,recovery point systems,COMP,2019-05-22,1738212.0,1738212.0,0.0,0.0,0,
J01B3400033,icf,DOT,2020-12-02,1713994.0,1713994.0,0.0,0.0,0,
P00B0600010,state regulatory registry,MDL,2019-09-18,1675370.0,1675370.0,0.0,0.0,0,
F50P1600059,environmental systems research institute,DIT,2020-10-07,832877.0,1665754.0,832877.0,100.0,0,
001B1600464,cr software a wholly owned subsidiary of fico,DGS,2021-06-16,1649167.0,1649167.0,0.0,0.0,0,
R00B9400116,eduloka dba inlumon,EDUC,2020-02-19,1533476.0,1533476.0,0.0,0.0,0,
Q00B1600038,global shop solutions,PS,2021-01-27,1495980.0,1495980.0,0.0,0.0,0,
Q00B6400088,tecore networks,PS,2016-03-09,520000.0,1492400.0,972400.0,187.0,0,
M00B3600008,iscan a division of humanim,MDH,2022-07-06,1427928.0,1427928.0,0.0,0.0,0,
W00R3600016,softtech dba flight vector,MSP,2022-12-07,1400000.0,1400000.0,0.0,0.0,0,
D38B1600010,vivsoft technologies,ELECTLAW,2020-12-02,1399960.0,1399960.0,0.0,0.0,0,
Q00B1600144,disys solutions,PS,2022-07-06,1389519.0,1389519.0,0.0,0.0,0,
Q00B9400087,watch systems,PS,2018-12-19,1389146.0,1389146.0,0.0,0.0,0,
C80B1600029,hartman executive advisors,DEFENDER,2021-06-16,1371825.0,1371825.0,0.0,0.0,0,
V00B1600065,fei com,DJS,2021-06-02,1358750.0,1358750.0,0.0,0.0,0,
F50B7400022,cornerstone ondemand,DIT,2017-03-22,1310366.0,1310366.0,0.0,0.0,0,
R60B8400002,rolka loube,Maryland 529,2017-09-20,1259474.0,1259474.0,0.0,0.0,0,
J05B060002,arinc,DOT,2019-07-24,1243702.0,1243702.0,0.0,0.0,0,
M00B8400705,st paul group,MDH,2018-07-19,1230200.0,1230200.0,0.0,0.0,0,
J01B3400025,applied technology services,DOT,2020-12-02,1223453.0,1223453.0,0.0,0.0,0,
P00B2600049,elegant enterprise wide solution,MDL,2022-08-31,1222957.0,1222957.0,0.0,0.0,0,
C81B3600001,nexpoint,ATTYGEN,2022-09-14,1200000.0,1200000.0,0.0,0.0,0,
P00B1600010,csdg government solutions,MDL,2020-09-02,1186572.0,1186572.0,0.0,0.0,0,
J05B2600005,unify,DOT/MTA,2021-11-03,1167955.0,1167955.0,0.0,0.0,0,
N00B0600352,cdw government,DOHR/OTHS,2020-07-01,1110724.0,1110724.0,0.0,0.0,0,
J01P2600058,mythics,DOT,2022-08-31,1094340.0,1094340.0,0.0,0.0,0,
M00B3600205,3m health information systems,MDH,2022-10-12,1084121.0,1084121.0,0.0,0.0,0,
F50P3600006,environmental systems research institute,DIT,2022-10-26,1075000.0,1075000.0,0.0,0.0,0,
E00B1600035,pitney bowes software,COMP,2021-03-24,1074291.0,1074291.0,0.0,0.0,0,
P219047,dk consulting,DOT/MPA,2020-07-22,1058554.0,1058554.0,0.0,0.0,0,
N00B2600301,cdw government,DOHR/OTHS,2022-03-23,1056426.0,1056426.0,0.0,0.0,0,
N00B1600515,cdw government,DOHR/OTHS,2021-09-01,1044445.0,1044445.0,0.0,0.0,0,
J05B8400008,swiftly,DOT/MTA,2018-01-03,1043000.0,1043000.0,0.0,0.0,0,
J01B0600010,nec of america necam,DOT/MdTA,2020-11-18,1029470.0,1029470.0,0.0,0.0,0,
D38B9400015,elections systems and software es and s,ELECTLAW,2019-07-24,1020845.0,1020845.0,0.0,0.0,0,
N00B1600170,gioia p ambrette trading as newcastle communications,DOHR/OTHS,2020-12-02,1015056.0,1015056.0,0.0,0.0,0,
F50P2600134,environmental systems research institute,DIT,2021-10-20,1000000.0,1000000.0,0.0,0.0,0,
F50P1600083,cooper river government,DIT,2020-11-18,999172.0,999172.0,0.0,0.0,0,
R00B2600015,canton group,EDUC,2022-03-09,998000.0,998000.0,0.0,0.0,0,
E00B0600021,telaforce,COMP,2020-03-04,986770.0,986770.0,0.0,0.0,0,
J05B1600015,nec of america,DOT/MTA,2021-07-07,970030.0,970030.0,0.0,0.0,0,
J05B26000012,harsco rail,DOT/MTA,2022-05-11,965025.0,965025.0,0.0,0.0,0,
R00B9400034,micropact,EDUC/DORS,2018-10-03,964700.0,964700.0,0.0,0.0,0,
R15P7400085,digital video group,MPT,2016-12-07,951417.0,951417.0,0.0,0.0,0,
Q00B8400125,dataworks plus,PS/IT&CD,2018-04-04,947762.0,947762.0,0.0,0.0,0,
Q00B8400101,ibm,PS,2018-03-28,938607.0,938607.0,0.0,0.0,0,
J05B9400005,xenatech software integration services,DOT/MdTA,2018-10-17,934713.0,934713.0,0.0,0.0,0,
060B6400047,franwell,DIT,2016-08-17,930000.0,930000.0,0.0,0.0,0,
E50B2600007,international business machines,DAAT,2022-06-08,917000.0,917000.0,0.0,0.0,0,
J01P1600035,disys solutions,DOT,2021-10-20,914026.38,914026.38,0.0,0.0,0,
R95B8400003,regent education,BCCC,2017-12-20,912900.0,912900.0,0.0,0.0,0,
M00B8400283,software technology group,HMH,2017-09-06,409584.0,908544.0,498960.0,121.82,0,
S00B0600047,emphasys computer solutions,HCD,2020-01-08,900000.0,900000.0,0.0,0.0,0,
P218035,client network services,DOT/MPA,2018-12-19,897907.0,897907.0,0.0,0.0,0,
S00B1600031,hancock software,HCD,2021-03-10,896621.0,896621.0,0.0,0.0,0,
P00B1600039,system automation,MDL,2020-12-16,888660.0,888660.0,0.0,0.0,0,
D80B2600003,merp systems,MIA,2021-10-06,883217.0,883217.0,0.0,0.0,0,
P219031,krishna tech,DOT/MPA,2019-09-18,859200.0,859200.0,0.0,0.0,0,
060B5400007,applied technology services,DIT,2020-04-22,442000.0,832975.0,390975.0,88.46,0,
J04B2600019,thales dis usa,DOT/MVA,2022-08-10,822222.0,822222.0,0.0,0.0,0,
COJ76820,nec of america,MDL,2022-12-07,811850.0,811850.0,0.0,0.0,0,
D38B8400001,elections systems and software,ELECTLAW,2017-09-20,797644.0,797644.0,0.0,0.0,0,
060B6400030,govdelivery,DIT,2017-03-22,791961.0,791961.0,0.0,0.0,0,
D38B0600003,clear ballot group,ELECTLAW,2019-08-14,791000.0,791000.0,0.0,0.0,0,
S00B7400002,hancock software,HCD,2016-08-17,787850.0,787850.0,0.0,0.0,0,
E00B2600022,levi ray and shoup,COMP,2022-05-11,771943.0,771943.0,0.0,0.0,0,
N00B9400299,cdw government,DOHR/OTHS,2019-03-20,770000.0,770000.0,0.0,0.0,0,
P00B8400048,state regulatory registry,DLLR,2018-06-20,759946.0,759946.0,0.0,0.0,0,
E00B6400072,pitney bowes software,COMP,2016-03-09,728610.0,728610.0,0.0,0.0,0,
R95B9400007,hartman executive advisors,BCCC,2019-07-03,725000.0,725000.0,0.0,0.0,0,
J04B260005,opex,DOT/MVA,2021-10-20,707334.0,707334.0,0.0,0.0,0,
D38B8400003,clear ballot group,ELECTLAW,2017-11-01,704000.0,704000.0,0.0,0.0,0,
E00B7400043,levi ray and shoup,DIT,2017-05-24,699755.0,699755.0,0.0,0.0,0,
E00B2600037,asg technologies group,COMP,2022-07-06,699612.0,699612.0,0.0,0.0,0,
S00B9400093,hancock software,HCD,2019-05-22,698736.0,698736.0,0.0,0.0,0,
J05B9400012,p and c insurance systems,DOT/MTA,2019-01-02,692260.0,692260.0,0.0,0.0,0,
Q00B2600014,applied technology services,PS,2022-04-06,689700.0,689700.0,0.0,0.0,0,
R15P3600241,digital video group,MPT,2022-12-21,680128.0,680128.0,0.0,0.0,0,
V00B1600001,fei com dba fei systems,DJS,2020-06-17,675000.0,675000.0,0.0,0.0,0,
J05B7400013,xerox transport solutions,DOT/MTA,2017-03-22,670000.0,670000.0,0.0,0.0,0,
V00B1600002,national council on crime and delinquency,DJS,2020-06-17,665400.0,665400.0,0.0,0.0,0,
Q00B0600104,datamaxx applied technologies,PS,2020-09-23,650477.0,650477.0,0.0,0.0,0,
J05B2600001,remix technologies,DOT/MTA,2021-07-07,645000.0,645000.0,0.0,0.0,0,
J01B1600006,insight public sector,DOT/MdTA,2022-05-11,638827.0,638827.0,0.0,0.0,0,
Q00B7400045,compuware,PS,2016-12-21,633228.0,633228.0,0.0,0.0,0,
Q00B0600035,compuware,PS,2020-02-19,633228.0,633228.0,0.0,0.0,0,
R00B2600109,howard technology solutions dba howard technology solutions,EDUC,2022-07-27,625269.0,625269.0,0.0,0.0,0,
D53B6400007,imagetrend,MIEMSS,2016-05-25,624269.0,624269.0,0.0,0.0,0,
F50P1600160,prosys information systems,DIT,2020-12-02,616466.0,616466.0,0.0,0.0,0,
S00B1600108,agate software,HCD,2021-09-01,615360.0,615360.0,0.0,0.0,0,
F50B7400027,sk net,DIT,2017-06-07,611673.0,611673.0,0.0,0.0,0,
R62B0600005,interclypse,DGS,2019-10-30,604273.0,604273.0,0.0,0.0,0,
P218007,syscom,DOT/MPA,2018-05-16,600000.0,600000.0,0.0,0.0,0,
Q00B3600014,ibm,PS,2022-12-21,596034.0,596034.0,0.0,0.0,0,
J01B0600037,maryland control technologies,DOT/MdTA,2020-08-12,594940.0,594940.0,0.0,0.0,0,
F50B7400026,navigator management partners,DIT,2017-06-07,588973.0,588973.0,0.0,0.0,0,
M00B7400506,oz systems usa,HMH,2017-03-08,588110.0,588110.0,0.0,0.0,0,
Q00B6400029,ibm,PS,2016-02-10,587876.0,587876.0,0.0,0.0,0,
V00B8400055,national council on crime and delinquency,DJS,2017-06-21,574782.0,574782.0,0.0,0.0,0,
F50B0600047,centurylink communications,DIT,2020-05-20,570000.0,570000.0,0.0,0.0,0,
F50B7400002,sk net,DIT,2016-06-22,563040.0,563040.0,0.0,0.0,0,
F50B7400025,elicitek,DIT,2017-06-07,560742.0,560742.0,0.0,0.0,0,
Q00B1600778,applied technology services,PS,2020-12-16,560700.0,560700.0,0.0,0.0,0,
J04B2600010,j d power,DOT/MVA,2022-04-06,560000.0,560000.0,0.0,0.0,0,
F10B9400025,business solutions group,DIT,2018-10-17,536227.0,536227.0,0.0,0.0,0,
E00B260024,sas institute,COMP,2022-05-11,524757.0,524757.0,0.0,0.0,0,
Q00B9400213,tecore networks,PS,2019-04-03,520000.0,520000.0,0.0,0.0,0,
P217042,noovis,DOT/MPA,2018-01-24,519097.0,519097.0,0.0,0.0,0,
J01B2600018,leidos digital solutions,DOT,2022-04-27,516201.0,516201.0,0.0,0.0,0,
Q00B0600080,ibm,PS,2020-07-01,515458.0,515458.0,0.0,0.0,0,
J01B7400018,leidos digital solutions,DOT,2017-04-05,508000.0,508000.0,0.0,0.0,0,
F50P1600058,environmental systems research institute,DIT,2020-10-07,241507.0,483014.0,241507.0,100.0,0,
Q00B6400144,ibm,PS/IT&CD,2017-02-22,467584.0,467584.0,0.0,0.0,0,
J01B0600040,citilog,DOT/MTA,2020-09-23,466882.0,466882.0,0.0,0.0,0,
060B9400160,snap,DIT,2019-07-03,466258.0,466258.0,0.0,0.0,0,
S00B8400006,hancock software,HCD,2017-12-06,466057.0,466057.0,0.0,0.0,0,
MAP6603187,knot technology solutions,DOT/MAA,2016-05-11,458951.0,458951.0,0.0,0.0,0,
E00B1600031,ibm,COMP,2021-03-10,452416.0,452416.0,0.0,0.0,0,
F50P2600041,ats,DIT,2021-10-20,451956.0,451956.0,0.0,0.0,0,
E00B9400017,ibm,COMP,2018-12-19,441642.0,441642.0,0.0,0.0,0,
F50B8400023,equinix,DIT,2018-05-16,441384.0,441384.0,0.0,0.0,0,
E00B1600001,proquire,COMP,2020-09-02,439448.0,439448.0,0.0,0.0,0,
S00B7400001,agate software,HCD,2016-08-17,438375.0,438375.0,0.0,0.0,0,
J05P8400052,s and a systems,DOT/MTA,2018-03-28,429654.0,429654.0,0.0,0.0,0,
P00B2600040,literacypro systems,MDL,2022-04-27,426655.0,426655.0,0.0,0.0,0,
V00B7400112,behavioral interventions,DJS,2017-05-24,424626.0,424626.0,0.0,0.0,0,
F50B1600027,mvs,DIT,2021-02-24,422863.43,422863.43,0.0,0.0,0,
F50P1600082,presidio,DIT,2020-11-18,412961.0,412961.0,0.0,0.0,0,
E00B9400063,sirius computer solutions,COMP,2019-05-08,411249.0,411249.0,0.0,0.0,0,
E00B9400015,fairfax imaging,COMP,2018-10-31,408482.0,408482.0,0.0,0.0,0,
D38B6400015,elections systems and software,ELECTLAW,2016-08-17,405363.0,405363.0,0.0,0.0,0,
J05B1600020,cubic transportation systems,DOT/MTA,2021-05-19,398392.0,398392.0,0.0,0.0,0,
Q00B7400084,morpho trust usa,PS,2017-04-26,395427.0,395427.0,0.0,0.0,0,
P00B2600036,medallia,MDL,2022-03-09,393800.0,393800.0,0.0,0.0,0,
E00B8400035,sas institute,COMP,2018-04-04,392245.0,392245.0,0.0,0.0,0,
R00B2600094,civic solutions group,EDUC,2022-08-10,392000.0,392000.0,0.0,0.0,0,
Q00B7400047,cross match technologies,PS/IT&CD,2017-02-08,384026.0,384026.0,0.0,0.0,0,
P222020,brown s enterprises d b a brown s communications,DOT/MPA,2022-12-21,383897.0,383897.0,0.0,0.0,0,
J05B0600018,gl,DOT/MTA,2020-07-22,382500.0,382500.0,0.0,0.0,0,
F50P3600007,environmental systems research institute,DIT,2022-10-26,375000.0,375000.0,0.0,0.0,0,
R00B0600035,canvas,EDUC,2021-03-10,370020.0,370020.0,0.0,0.0,1,4
F50P1600212,presidio networked solutions,DIT,2021-02-10,369375.63,369375.63,0.0,0.0,0,
J01P0600162,dsr,DOT,2021-04-07,369103.0,369103.0,0.0,0.0,0,
S00B9400009,agate software,HCD,2018-12-19,360490.0,360490.0,0.0,0.0,0,
R00B9400018,johns hopkins university center for technology in education,EDUC,2018-09-05,360000.0,360000.0,0.0,0.0,0,
J05B0600014,trackit,DOT/MTA,2020-05-06,359736.0,359736.0,0.0,0.0,0,
R15P6400118,digital video group,MPT,2016-01-27,355718.0,355718.0,0.0,0.0,0,
Q00B0600786,applied technology services,PS,2020-10-07,351000.0,351000.0,0.0,0.0,0,
J01P8400096,global public safety,DOT/MdTA,2018-03-28,338640.0,338640.0,0.0,0.0,0,
J04B2600021,fiserv solutions,DOT/MVA,2022-08-31,335733.0,335733.0,0.0,0.0,0,
S00B0600048,emphasys computer solutions,HCD,2020-01-08,335569.0,335569.0,0.0,0.0,0,
J02B1600006,iteris,DOT,2021-09-01,331500.0,331500.0,0.0,0.0,0,
K00B1600001,johnson mirmiran and thompson,DNR,2020-06-17,329467.0,329467.0,0.0,0.0,0,
J01B3400036,dk consulting,DOT,2020-12-02,312240.0,312240.0,0.0,0.0,0,
F50B1600021,blue collar objects,DIT,2020-12-16,311980.0,311980.0,0.0,0.0,0,
F50B7400001,tekskills,DIT,2016-06-22,309120.0,309120.0,0.0,0.0,0,
J01B8400013,processmap,DOT/MdTA,2018-12-19,305456.0,305456.0,0.0,0.0,0,
J04B2600007,ihs markit dba r l polk and,DOT/MVA,2022-08-31,302910.0,302910.0,0.0,0.0,0,
J05P2600043,dsr,DOT/MTA,2022-09-14,302670.0,302670.0,0.0,0.0,0,
S00B7400009,emphasys software,HCD,2016-10-19,300000.0,300000.0,0.0,0.0,0,
F50P2600133,environmental systems research institute,DIT,2021-10-20,300000.0,300000.0,0.0,0.0,0,
D40B1600001,spillman consulting,OFCPLAN,2021-04-07,299875.0,299875.0,0.0,0.0,0,
F50P1600145,dell approved,DIT,2020-10-07,299408.0,299408.0,0.0,0.0,0,
M00B8400589,collaborative fusion,MDH,2018-05-16,295627.0,295627.0,0.0,0.0,0,
D38B1600017,digital lantern,ELECTLAW,2022-04-27,292046.0,292046.0,0.0,0.0,0,
060B8400016,itslearning,DIT,2018-08-01,290000.0,290000.0,0.0,0.0,0,
K00B1600002,streams,DNR,2020-06-17,289467.0,289467.0,0.0,0.0,0,
BWI22006IT,knot technology solutions,DOT/MAA,2022-03-09,289169.0,289169.0,0.0,0.0,0,
Q00B8400042,morpho trust usa,PS,2017-11-15,287830.0,287830.0,0.0,0.0,0,
W00P9401671,cdwg,MSP,2019-07-03,284958.0,284958.0,0.0,0.0,0,
Q00B8400041,watch systems,PS/IT&CD,2018-07-19,282500.0,282500.0,0.0,0.0,0,
Q00B0600094,computer projects of illinois,PS,2020-02-19,277288.0,277288.0,0.0,0.0,0,
E00B9400021,pkware,COMP,2019-01-02,276597.0,276597.0,0.0,0.0,0,
D38B7400006,clear ballot group,ELECTLAW,2016-10-19,275000.0,275000.0,0.0,0.0,0,
Q00B8400027,computer projects of illinois,PS/IT&CD,2018-01-24,274373.0,274373.0,0.0,0.0,0,
D38B7400017,elections systems and software,ELECTLAW,2017-05-10,268510.0,268510.0,0.0,0.0,0,
J01B3600002,alxtel,DOT,2022-06-22,267460.0,267460.0,0.0,0.0,0,
J00B6400015,r l polk and,DOT/MVA,2016-05-11,267050.0,267050.0,0.0,0.0,0,
Q00B7400073,computer projects of illinois,PS,2017-01-04,261307.0,261307.0,0.0,0.0,0,
P00B1600011,n 3 technologies,MDL,2020-09-02,261000.0,261000.0,0.0,0.0,0,
H00P0600964,periscope,DGS,2020-01-08,260375.0,260375.0,0.0,0.0,0,
W00B1600058,nichevision forensics,MSP,2021-05-05,257800.0,257800.0,0.0,0.0,0,
R00R0600952,applied technology services,EDUC,2021-06-02,250000.0,250000.0,0.0,0.0,0,
J05B3600001,penta,DOT/MTA,2022-10-26,247132.0,247132.0,0.0,0.0,0,
P219005,northern defense industries,DOT/MPA,2018-12-19,244095.0,244095.0,0.0,0.0,0,
J02P9400028,streetlight data,DOT/SHA,2019-09-04,236137.0,236137.0,0.0,0.0,0,
R00B7400002,alverest,EDUC,2016-06-22,236000.0,236000.0,0.0,0.0,0,
Q00B0600023,ca d b a ca technologies,PS,2019-09-18,231600.0,231600.0,0.0,0.0,0,
J04B2600008,wausau financial systems,DOT/MVA,2022-08-31,226355.0,226355.0,0.0,0.0,0,
J01B9400002,cision us,DOT,2018-07-19,220764.0,220764.0,0.0,0.0,0,
J01B3600004,west publishing,DOT/MTA,2022-08-31,216266.0,216266.0,0.0,0.0,0,
R62B6400001,gold bridge partners,MHEC,2017-07-05,214550.0,214550.0,0.0,0.0,0,
R11B9400001,keystone systems,MSL,2018-12-19,210705.0,210705.0,0.0,0.0,0,
M00B0600219,advance metrics,DIT,2019-12-04,210000.0,210000.0,0.0,0.0,0,
R00B6400080,prosys information systems,EDUC,2016-03-09,207486.0,207486.0,0.0,0.0,0,
J05B1600016,ms technologies,DOT/MTA,2021-07-07,198742.0,198742.0,0.0,0.0,0,
R00B8400014,apex learning,EDUC,2018-07-19,198100.0,198100.0,0.0,0.0,0,
D40B1600002,blackbaud,VARIOUS,2021-06-02,194995.0,194995.0,0.0,0.0,0,
J01B2600021,infor us,DOT,2022-04-06,194512.0,194512.0,0.0,0.0,0,
E00B2600006,infor us,COMP,2021-10-06,193861.0,193861.0,0.0,0.0,0,
E00B3600024,ibm,COMP,2022-12-21,183864.0,183864.0,0.0,0.0,0,
S00B7400020,emphasys software,HCD,2017-01-04,183790.0,183790.0,0.0,0.0,0,
D40B8400002,blackbaud,OFCPLAN,2018-06-20,181952.0,181952.0,0.0,0.0,0,
E00B7400001,sas institute,COMP,2016-05-25,181896.0,181896.0,0.0,0.0,0,
E00B3600003,fairfax imaging,COMP,2022-07-27,180414.0,180414.0,0.0,0.0,0,
D38B6400004,elections systems and software,ELECTLAW,2016-01-06,178050.0,178050.0,0.0,0.0,0,
E00B9400003,infor us,COMP,2018-10-03,177411.0,177411.0,0.0,0.0,0,
060B8400002,infosec institute,DIT,2018-06-20,177000.0,177000.0,0.0,0.0,0,
Q00B8400079,infor,PS,2019-01-02,175819.0,175819.0,0.0,0.0,0,
E00B2600002,fairfax imaging,COMP,2021-10-06,173357.0,173357.0,0.0,0.0,0,
R00P2600704,overdrive marketplace,EDUC,2022-05-11,170000.0,170000.0,0.0,0.0,0,
J05B1600007,nec of america,DOT/MTA,2020-12-16,165794.0,165794.0,0.0,0.0,0,
M00B6400462,american association on intellectual and developmental disabilities,HMH/DDA,2016-02-24,163027.0,163027.0,0.0,0.0,0,
W00P2601044,applied technology services,MSP,2022-09-14,160104.0,160104.0,0.0,0.0,0,
Q00P7402951,dataworks plus,PS,2016-11-16,160095.0,160095.0,0.0,0.0,0,
M00B6400564,health care incentives improvement institute,HMH,2016-04-27,146518.0,146518.0,0.0,0.0,0,
R62B8400003,interclypse,MHEC,2018-08-22,146398.0,146398.0,0.0,0.0,0,
S00B7400019,nortridge software,HCD,2017-01-04,145000.0,145000.0,0.0,0.0,0,
N00P2600048,shi international,DOHR,2021-10-20,139339.0,139339.0,0.0,0.0,0,
W00P2601045,applied technology services,MSP,2022-09-14,138218.0,138218.0,0.0,0.0,0,
J05B9400011,xenatech software integration services,DOT/MTA,2019-01-23,137271.0,137271.0,0.0,0.0,0,
060B0600007,clear impact,GOVOFCCP,2020-04-22,134226.0,134226.0,0.0,0.0,0,
060B6400044,results leadership group,EXEC,2016-06-08,134225.0,134225.0,0.0,0.0,0,
060B7400093,clear impact,OCYF,2017-07-26,134225.0,134225.0,0.0,0.0,0,
F50B6400022,equinix,DIT,2016-04-06,133178.0,133178.0,0.0,0.0,0,
060B9400148,at and t,DIT,2019-06-05,132473.0,132473.0,0.0,0.0,0,
Q00B0600051,computer projects of illinois,PS,2020-09-23,130000.0,130000.0,0.0,0.0,0,
J01B9400043,maryland control technologies,DOT/MdTA,2019-06-05,128084.0,128084.0,0.0,0.0,0,
E00B2600005,sas institute,COMP,2021-09-15,123623.0,123623.0,0.0,0.0,0,
P00B7400001,appriss,DLLR,2016-08-17,116000.0,116000.0,0.0,0.0,0,
MAP6708632,american association of airport executives,DOT/MAA,2017-05-24,109300.0,109300.0,0.0,0.0,0,
Q00B2600018,jdi ventures dba peak performance solutions,PS/IT&CD,2022-04-27,108570.0,108570.0,0.0,0.0,0,
J05B6400018,alstom transportation,DOT/MTA,2016-05-11,103222.0,103222.0,0.0,0.0,0,
F10B3600014,shi international,DBM,2022-10-12,100887.0,100887.0,0.0,0.0,0,
603P6400030,fiber plus,PS,2016-09-21,98000.0,98000.0,0.0,0.0,0,
D80P5400085,crownpeak technology,MIA,2016-03-23,90000.0,90000.0,0.0,0.0,0,
S00B1600102,happy software an mri software,HCD,2021-07-07,88366.0,88366.0,0.0,0.0,0,
W00P2601048,applied technology services,MSP,2022-09-14,86574.0,86574.0,0.0,0.0,0,
J01B0600045,infor us,DOT,2020-05-20,86492.0,86492.0,0.0,0.0,0,
Q00P6407465,applied technology services,PS,2016-09-21,86265.0,86265.0,0.0,0.0,0,
Q00B8400120,idemia identity and security usa,PS/IT&CD,2018-06-20,82411.0,82411.0,0.0,0.0,0,
M00B4400452,center to promote healthcare access,HMH,2017-05-24,78000.0,78000.0,0.0,0.0,0,
E50B9400063,marshall and swift a subsidiary of core logic,DAAT,2019-07-24,75122.0,75122.0,0.0,0.0,0,
P00B8400022,comcast business communications,DLLR,2017-11-15,73683.0,73683.0,0.0,0.0,0,
MAP6808730,american association of airport executives,DOT/MAA,2018-06-20,72000.0,72000.0,0.0,0.0,0,
F50B7400004,sk net,DBM,2016-08-17,71318.0,71318.0,0.0,0.0,0,
F50B7400003,sk net,DBM,2016-08-17,68952.0,68952.0,0.0,0.0,0,
D80P4400256,crownpeak technology,MIA,2016-10-19,63455.0,63455.0,0.0,0.0,0,
W00P2601062,applied technology services,MSP,2022-09-14,58464.0,58464.0,0.0,0.0,0,
F50P26000430,gartner consulting,DIT,2022-12-07,49920.0,49920.0,0.0,0.0,0,
R95B7400003,sirsi,BCCC,2016-11-02,48978.0,48978.0,0.0,0.0,0,
R00B6400007,microscribe publishing,EDUC,2016-04-06,43000.0,43000.0,0.0,0.0,0,
060B8400036,sada systems,DIT,2018-04-18,30000.0,30000.0,0.0,0.0,0,
N00P2600552,blackwood associates,DOHR/OTHS,2022-04-27,23835.0,23835.0,0.0,0.0,0,
J04B9400035,questionmark,DOT/MVA,2019-03-20,7871.0,7871.0,0.0,0.0,0,
Q00P7403090,datamaxx applied technologies,PS,2017-01-04,6270.0,6270.0,0.0,0.0,0,
