n,seed,meeting_date,doc_number,source_pdf,source_page,parsed_agency,parsed_county,parsed_vendor,parsed_amount,parsed_term,parsed_item_type,parsed_action,printed_text,ok_meeting_date,ok_agency,ok_county,ok_vendor,ok_amount,ok_term,ok_item_type,ok_action,note
1,20260916,2016-01-27,3-IT,2016-Jan-27-Summary.pdf,17,DIT,Statewide,Carahsoft Technology Corporation,15000000.0,2016-03-01..2019-02-28,award,Approved,"r recovery services. Term: 1/28/16- 7/31/17. Amount: $20,000,000. action: Approved discussion: yes Doc. No. 060B6400011 3-IT DIT Statewide Carahsoft Technology Corporation Information Technology - Salesforce.com software-as-a- service products for participating State agencies. Term: 3/1/16- 2/28/19 (w/2 one year renewal options). Amount: $15,000,000. action: Approved discussion: No Doc. No. 060B6400007",1,1,1,1,1,1,1,1,
2,20260916,2016-03-09,2-IT,2016-Mar-9-Summary.pdf,12,PS,Baltimore City,Tecore Networks,520000.0,2016-05-01..2017-04-30,award,Approved,"aintenance and support. Term: 3/25/16 - 3/21/21. Amount: $728,610. action: Approved discussion: No Doc. No. E00B6400072 2-IT PS Baltimore City Tecore Networks InformationTechnology - Metropolitian Transition Center and Baltimore City Detention Center - Cell phone managed access support and maintenance. Term: 5/1/16- 4/30/17. Amount: $520,000. action: Approved discussion: No Doc. No. Q00B6400088 3-IT EDUC Statewide Prosys Information Systems Information Technology - Cisco WebEx Enterprise Edition Software - Web conferencing with integrated audio conferencing for agency-wide use. Term: 3/24/16- 3/23/19. Amount: $20",1,1,1,1,1,1,1,1,
3,20260916,2016-03-09,4-IT-MOD,2016-Mar-9-Summary.pdf,13,DIT,Statewide,"Navigator Management Partners, LLC",493600.0,2016-04-01..2017-06-30,modification,Approved,"ution County Vendor, Contractor, Grantee Description Page 13 of 18 action: Approved discussion: No Doc. No. R00B6400080 4-IT-MOD DIT Statewide Navigator Management Partners, Information Technology Modification - State Personnel LLC Systems Project - Extend term; subject matter expert. Term: 4/1/16- 6/30/17. Amount: $493,600. REV action: Approved discussion: No Doc. No. COG61203 5-IT-MOD DIT Statewide AP Ventures, LLC Information Technology Modification - State Personnel Systems Project - Extend term; technical and systems lead. Term: 4/1/16- 6/30/17. Amount: $482,460. REV action: Approved discussion: No Doc. No. ",1,1,1,1,1,1,1,1,
4,20260916,2016-03-09,6-IT-MOD,2016-Mar-9-Summary.pdf,13,DIT,Statewide,"SK Net, LLC",516120.0,2016-04-01..2017-06-30,modification,Approved,"hnical and systems lead. Term: 4/1/16- 6/30/17. Amount: $482,460. REV action: Approved discussion: No Doc. No. COG61201 6-IT-MOD DIT Statewide SK Net, LLC Information Technology Modification - State Personnel Systems Project - Extend term; senior information systems architect. Term: 4/1/16- 6/30/17. Amount: $516,120. REV action: Approved discussion: No Doc. No. F50B4400050 7-IT-OPT DIT Statewide Esri, Inc. Information Technology Renewal Option - Esri Enterprise Software - Exercise option; product support for geographic information system (GIS) software for 55 State agencies. Term: 4/1/16- 6/30/16. Amount: $208,06",1,1,1,1,1,1,1,1,
5,20260916,2016-03-23,3-IT-MOD,2016-Mar-23-Summary.pdf,13,ELECTLAW,Montgomery,PCC Technology Inc.,157700.0,2016-04-05..2016-11-18,modification,Approved,"ution County Vendor, Contractor, Grantee Description Page 13 of 31 action: Approved discussion: No Doc. No. J00B2400020 3-IT-MOD ELECTLAW Montgomery PCC Technology Inc. Information Technology Modification - Montgomery County public financing program for the County Executive and County Council offices in the 2018 election. Term: 4/5/16- 11/18/16. Amount: $157,700. action: Approved discussion: No Doc. No. COG59986 4-IT-MOD DIT Statewide -- Information Technology Modification - Add funds; indefinite quantity purchase order request for proposals-based master contract providing hardware, installation, training service",1,1,1,1,1,1,1,1,
6,20260916,2016-05-11,7-IT-MOD,2016-May-11-Summary.pdf,16,DIT,Statewide,"MCI Communications Services, Inc. d/b/a Verizon Business Services",0.0,2016-07-01..2016-12-31,modification,Approved,"ld reporting system. Term: 12/1/15- 11/30/17. Amount: $1,329,298. REV action: Approved discussion: No Doc. No. COG69479 7-IT-MOD DIT Statewide MCI Communications Services, Inc. Information Technology Modification - Toll Free Services - d/b/a Verizon Business Services Extend term to allow time for new procurement and transition. Term: 7/1/16- 12/31/16. Amount: $0. action: Approved discussion: No Doc. No. COG19586 8-IT-MOD HMH Statewide Cognosante Consulting, LLC Information Technology Modification/Option - Medicaid Management Information System - Assess impact of termination and develop plan for replacement projec",1,1,1,1,1,1,1,1,
7,20260916,2016-06-08,2-IT-MOD,2016-June-8-Summary.pdf,27,COMP,Statewide,"CA, Inc.",2353641.0,2016-06-30..2020-12-30,modification,Approved,"Agency 08-Jun-16 Item Institution County Vendor, Contractor, Grantee Description Page 27 of 36 2-IT-MOD COMP Statewide CA, Inc. Information Technology - Annapolis Data Center - Add software licensing, maintenance, and support costs for increased capacity of new IBM mainframe computer. Term: 6/30/16- 12/30/20. Amount: $2,353,641. action: Approved discussion: No Doc. No. COG70636 3-IT-MOD HMH Statewide Netsmart Technologies, Inc. Information Technology - Behavioral Health Administration - Extend term to complete new procurement; maintenance and support for Pharmacy Tracking. Term: 7/21/16- 7/20/17. Amount: $222,948",1,1,1,1,1,1,1,1,
8,20260916,2016-06-08,4-IT-MOD,2016-June-8-Summary.pdf,27,PS,Statewide,NextGen HealthCare Information Systems,3990000.0,2016-07-01..2019-06-30,modification,Approved,"port for Pharmacy Tracking. Term: 7/21/16- 7/20/17. Amount: $222,948. action: Approved discussion: No Doc. No. COG71070 4-IT-MOD PS Statewide NextGen HealthCare Information Information Technology Modification - NextGen Healthcare Systems Information System Software services and maintenance - Extend term to complete new procurement. Term: 7/1/16- 6/30/19. Amount: $3,990,000. REV action: Approved discussion: No Doc. No. COG71408 5-IT-OPT HMH Statewide Truven Health Analytics, Inc. Information Technology Renewal Option - Maryland Medicaid Management Information System - Exercise option; surveillance utilization revi",1,1,1,1,1,1,1,1,
9,20260916,2016-06-22,9-IT-MOD,2016-Jun-22-Summary.pdf,19,PS,Statewide,"3M Cogent, Inc.",385028.0,..,modification,Approved,"ution County Vendor, Contractor, Grantee Description Page 19 of 34 action: Approved discussion: No Doc. No. R00B7400002 9-IT-MOD PS Statewide 3M Cogent, Inc. Information Technology Modifications- Maryland Automated Fingerprint Identification System (MAFIS) - Extend term; maintenance and technical support. Term: 7/16 - 6/30/18. (w/ 1 one-year renewal option). Amount: $385,028. SUP action: Approved discussion: yes Doc. No. Q00B4400229 Agenda Department of Transportation 1-AE DOT/MTA Statewide -- Architectural/Engineering Services - Award 3 open-ended contracts to provide construction management and inspection servi",1,1,1,1,1,0,1,1,term: source prints 'Term: 7/16 - 6/30/18'; the start has no day
10,20260916,2016-07-06,5-IT-MOD,2016-July-6-Summary.pdf,17,DOT,Statewide,"CACI NSS, Inc. (formerly L-3 National Security Solutions, Inc.)",11235534.0,2016-08-27..2018-08-26,modification,Approved,"titution County Vendor, Contractor, Grantee Description Page 17 of 25 action: Approved discussion: No Doc. No. COG74192 5-IT-MOD DOT Statewide CACI NNS, Inc., formerly L-3 Information Technology Modification - MDOT Enterprise National Security Solutions, Inc. Network - Extend term to allow time for new procurement; information communications and technology network management maintenance and project-based services. Term: 8/27/16- 8/26/18 (w/2 six-month renewal options). Amount: $11,235,534. action: Approved discussion: No Doc. No. 6-IT-OPT DIT Statewide SADA Systems, Inc. Information Technology Renewal Option - Ex",1,1,1,1,1,1,1,1,
11,20260916,2016-08-17,11-IT-MOD,2016-Aug-17-Summary.pdf,30,ELECTLAW,Statewide,"Elections Systems and Software, LLC",525505.0,2016-09-08..2016-12-31,modification,Approved,"ution County Vendor, Contractor, Grantee Description Page 30 of 43 action: Approved discussion: No Doc. No. D38B6400014 11-IT-MOD ELECTLAW Statewide Elections Systems and Software, Information Technology Contract Modification - Voting LLC System Solution - (1) Lease additional voting equipment for 19 local boards of elections for 2016 General Election; (2) lease additional ancillary equipment. Term: 9/8/16- 12/31/16. Amount: $525,505. REV action: Approved discussion: No Doc. No. COG80198 12-IT ELECTLAW Statewide Elections Systems and Software, Information Technology - EZ Roster Software - Software LLC license and",1,1,1,1,1,1,1,1,
12,20260916,2016-08-17,4-IT,2016-Aug-17-Summary.pdf,13,DBM,Statewide,"SK Net, LLC",71318.0,2016-05-16..2016-08-31,award,Approved,"ubject matter expert. Term: 6/1/16- 8/31/16. Amount: $68,952. REV action: approved discussion: yes Doc. No. F50B7400003 4-IT DBM Statewide SK Net, LLC Information Technology - RETROACTIVE - Statewide Personnel System (SPS) Project - Retain Integration subject matter expert. Term: 5/16/16- 8/31/16. Amount: $71,318. REV",1,1,1,1,1,1,1,1,
13,20260916,2016-10-19,7-IT-OPT,2016-Oct-19-Summary.pdf,13,ELECTLAW,Statewide,PCC Technology Group,219600.0,2017-01-01..2017-12-31,renewal,Approved,"titution County Vendor, Contractor, Grantee Description Page 13 of 24 action: Approved discussion: No Doc. No. COG95785 7-IT-OPT ELECTLAW Statewide PCC Technology Group Information Technology Renewal Option - Exercise option; online campaign finance reporting and management system. Term: 1/1/17- 12/31/17. Amount: $219,600. action: Approved discussion: No Doc. No. D38B7400005",1,1,1,1,1,1,1,1,
14,20260916,2016-11-16,3-IT,2016-Nov-16-Summary.pdf,13,PS,Statewide,Dataworks Plus,160095.0,2016-12-01..2017-11-30,award,Approved,"usiness Network Verizon, Long Distance/Toll Free $7,591,356.00 Services, Inc. action: withdrawn discussion: No Doc. No. 3-IT PS Statewide Dataworks Plus Information Technology - Maryland Image Repository System - Annual software maintenance and support for MVA facial recognition system. Term: 12/1/16 - 11/30/17. Amount: $160,095. SUP action: Approved discussion: No Doc. No. Q00P7402951 4-IT DIT Statewide -- Information Technology Modification - Add 22 companies; hardware master contract. Term: 12/1/16 - 11/14/27. Amount: no increase. 01. 2020 Teknology 02. Apollo Video Technology 03. Bell Technologix, Inc. 04. Be",1,1,1,1,1,1,1,1,
15,20260916,2016-12-07,1-IT,2016-Dec-7-Summary.pdf,16,MPT,Baltimore,Digital Video Group,951417.0,2017-01-01..2017-04-30,award,Approved," Page 16 of 26 Amount: $1,568,943. action: Approved discussion: No Doc. No. Agenda Department of Information Technology 1-IT MPT Baltimore Digital Video Group Information Technology - Television Signal Management System - Install, integrate, commission, and provide training. Term: 1/1/17 - 4/30/17. Amount: $951,417. action: Approved discussion: No Doc. No. R15P7400085 2-IT-MOD PS Baltimore B I Inc Information Technology Modification - Procurement Services Division - Offender electronic tracking services and equipment. Term: 1/1/17 - 9/30/17. Amount: $642,469. action: Approved discussion: No Doc. No. Q00B6400071 3",1,1,1,1,1,1,1,1,
16,20260916,2016-12-21,1-IT,2016-Dec-21-Summary.pdf,11,PS,Baltimore,Compuware Corp.,633228.0,2017-01-01..2019-12-31,award,Approved,"em Institution County Vendor, Contractor, Grantee Description Page 11 of 19 Agenda Department of Information Technology 1-IT PS Baltimore Compuware, Inc. Information Technology - Maintenance and upgrade fees for utility software for mainframe. Term: 1/1/17 - 12/31/19. Amount: $633,228. REV action: Approved discussion: No Doc. No. Q00B7400045 2-IT PS Baltimore -- Information Technology - Youth Detention Center - Approve general obligation bond funds for two contracts. Amount: $5,848. Applied Technology Services 6037400007 Server $5,285.00 SHI International, Inc. 6037400011 Server Software License $563.00 action: A",1,1,1,1,1,1,1,1,
17,20260916,2017-01-25,4-IT,2017-Jan-25-Summary.pdf,21,DOT/MTA,Various,"Clever Devices, Ltd.",2945082.0,2017-02-09..2019-08-08,award,Approved,"software products. Term: 11/1/15 - 10/31/17. Amount: $18,000,000. action: withdrawn discussion: No Doc. No. 060B2490024 4-IT DOT/MTA Various Clever Devices, LTD Information Technology - Maintenance and technical support to on-board hardware and software, Bus Fleet Intelligent Transit System, and Bus Tools Bus Stop Inventory installed in MTA's 750-bus fleet. Term: 2/9/17 - 8/8/19. Amount: $2,945,082. action: Approved discussion: No Doc. No. J05B7400002 5-IT-OPT DJS Satellite Tracking of People, LLC, Information Technology Option - GPS equipment to track assignee of Corrisoft, LLC and monitor youth in Violence Init",1,1,1,1,1,1,1,1,
18,20260916,2017-04-26,8-IT-MOD,2017-Apr-26-Summary.pdf,21,PS/IT&CD,Statewide,"Business & Decision North America (PA), Inc.",1054930.0,2017-05-11..2018-11-30,modification,Approved,"ated Livescan systems. Term: 5/11/2017-5/9/2018. Amount: $395,427. action: Approved discussion: No Doc. No. Q00B7400084 8-IT-MOD PS/IT&CD Statewide Business & Decision North Service Contract - Offender Case Management System America, Inc. updates. Term: 5/11/2017-11/30/2018. Amount: $1,054,930.",1,1,1,1,1,1,1,1,
19,20260916,2017-05-24,4-IT,2017-May-24-Summary.pdf,11,DJS,Statewide,"Behavioral Interventions, Inc.",424626.0,2017-06-08..2018-04-30,award,Approved,"orp. Healthcare Integration Consulting Group Software People, Inc. action: Approved discussion: No Doc. No. 060B2490023 4-IT DJS Statewide Behavioral Interventions, Inc. Information Technology - Community Detention Programs - Radio frequency electronic monitoring equipment/services. Term: 6/8/17-4/30/18. Amount: $424,626. REV action: Approved discussion: No Doc. No. V00B7400112 5-IT-MOD DOT/MTA Statewide Trapeze Software Group Information Technogoly Modification - Increase capablilities to Trapeze software. Term: 6/8/17-6/17/20. Amount: 765,595. action: Approved discussion: No Doc. No. J05B5400046 6-IT DIT Statew",1,1,1,1,1,1,1,1,
20,20260916,2017-06-07,1-IT-OPT,2017-June-7-Summary.pdf,19,HMH,Statewide,"Truven Health Analytics, Inc.",324000.0,2017-08-20..2016-08-19,renewal,Approved," Grantee Description Page 19 of 32 action: Approved discussion: No Doc. No. Agenda Department of Information Technology 1-IT-OPT HMH Statewide Truven Health Analytics, Inc. Information Technology Renewal Option - Maryland Medicaid Management Information System - Exercise option; Surveillance Utilization Review. Term: 8/20/17-8/19/16. Amount: $324,000. action: Approved discussion: No Doc. No. M00B8400027 2-IT-MOD DIT Statewide -- Information Technology Modification - Provide technical and consulting resources for State Personnel System Project. Term: 7/25/13-7/24/18. Amount: $5,190,800. Forsys, Inc. formerly Bodht",1,1,1,1,1,1,1,1,
21,20260916,2017-06-07,5-IT,2017-June-7-Summary.pdf,20,DIT,Statewide,"Navigator Management Partners, LLC",588973.0,2017-07-01..2019-03-31,award,Approved,"hrough go-live and beyond. Term: 7/1/17-3/31/19. Amount: $560,742. action: Approved discussion: No Doc. No. F50B7400025 5-IT DIT Statewide Navigator Management Partners Information Technology - Continue support services for State LLC Personnel Systems project through go-live and beyond. Term: 7/1/17-3/31/19. Amount: $588,973. action: Approved discussion: No Doc. No. F50B7400026 6-IT DIT Statewide SK Net, LLC Information Technology - Continue support services for State Personnel Systems project through go-live and beyond. Term: 7/1/17-3/31/19. Amount: $611,673. action: Approved discussion: No Doc. No. F50B7400027 ",1,1,1,1,1,1,1,1,
22,20260916,2017-06-21,3-IT-MOD,2017-June-21-Summary.pdf,15,DIT,Statewide,"Environmental Systems Research Institute, Inc.",49151.0,2017-08-01..2018-01-31,modification,Approved,"Agency 21-Jun-17 Item Institution County Vendor, Contractor, Grantee Description Page 15 of 23 3-IT-MOD DIT Statewide Environmental Systems Research Information Technology Modification - ArcGIS Online Institute, Inc. Subscription Services - Extend term fto award new contract. Term: 8/1/17-1/31/18. Amount: $49,151. action: Approved discussion: No Doc. No. F50B7400030 4-IT ATTYGEN Statewide Journal Technologies, Inc. Information Technology - Case/Matter Management Systems - Term: 7/6/17-6/30/21. Amount: $4,435,000. action: Approved discussion: No Doc. No. C81B5400002 Agenda Department of Transportation 1-C DOT/SHA ",1,1,1,1,1,1,1,1,
23,20260916,2017-07-26,1-IT-OPT,2017-July-26-Summary.pdf,19,COMP,Anne Arundel,"Fairfax Imaging, Inc.",238569.0,2017-11-04..2018-11-03,renewal,Approved,"em Institution County Vendor, Contractor, Grantee Description Page 19 of 36 Agenda Department of Information Technology 1-IT-OPT COMP Anne Arundel Fairfax Imaging, Inc. Information Technology Option - Replace remittance processing system with Check-21. Exercise second 1-year option. Term: 11/4/17 - 11/3/18. Amount: $238,569. action: Approved discussion: No Doc. No. E00B8400006 2-IT-MOD COMP Anne Arundel Recovery Point Systems, Inc. Information Technology Modification - Mainframe disaster recovery. Exercise first 1-year option and increase option amount to accommodate growth and complexity of mainframe production ",1,1,1,1,1,1,1,1,
24,20260916,2017-08-16,3-IT-MOD,2017-Aug-16-Summary.pdf,19,HMH,Statewide,"OZ Systems USA, LLC",340762.0,2017-09-01..2019-06-30,modification,Approved,"gement and tracking system. Term: 10/1/17- 9/30/20. Amount: $180,000. action: Approved discussion: No Doc. No. COH28953 3-IT-MOD HMH Statewide OZ Systems USA, LLC Information Technology Modification - MD Newborn Screening Data Management Systems - Ongoing maintenance and support. Term: 9/1/17- 6/30/19. Amount: $340,762.",1,1,1,1,1,1,1,1,
25,20260916,2017-09-20,8-IT-OPT,2017-Sept-20-Summary.pdf,13,ELECTLAW,,PCC Technology Inc.,219600.0,2018-01-01..2018-12-31,renewal,Approved,"Item Institution County Vendor, Contractor, Grantee Description Page 13 of 31 action: withdrawn discussion: No Doc. No. 8-IT-OPT ELECTLAW PCC Technology Inc. Information Technology Renewal Option - Campaign Finance Reporting and Management System (CFRMS) - Exercise option. Term: 1/1/18- 12/31/18. Amount: $219,600. HC action: Approved discussion: No Doc. No. D38B8400002 9-IT ELECTLAW Statewide Elections Systems and Software, Service Contract - ES&S EZ Roster Software License - Use LLC and maintenance of pollbooks. Term: 10/1/17- 9/30/19. Amount: $797,644. HC action: Approved discussion: No Doc. No. D38B8400001",1,1,1,1,1,1,1,1,
26,20260916,2017-10-04,3-IT,2017-Oct-4-Summary.pdf,16,DOT/MTA,Various,"Urban Transportation Association, Inc.",35516.0,2015-09-18..2017-09-20,award,Approved," Scanning - Ratify Inc. payments. Term: 9/17/15- 9/20/17. Amount: $258,320. HC action: Approved discussion: No Doc. No. 3-IT DOT/MTA Various Urban Transportation Association, Information Technology - Automatic Passenger Inc. Counting/Monitoring - Ratify payments. Term: 9/18/15- 9/20/17. Amount: $35,516. HC action: Approved discussion: No Doc. No.",1,1,1,1,1,1,1,1,
27,20260916,2017-10-18,2-IT,2017-Oct-18-Summary.pdf,8,MDH,Statewide,"Contact Solutions, a Verint Company",498960.0,2017-11-01..2020-10-31,award,Approved," Amount: $1,329,298 (mod); $1,670,702 (option). Total: $3,000,000. action: Approved discussion: No Doc. No. 060B1400055 2-IT MDH Statewide Contact Solutions, a Verint Information Technology - Medicaid Services Eligibility",1,1,1,1,1,1,1,1,
28,20260916,2017-11-15,1-IT,2017-Nov-15-Summary.pdf,11,PS,Statewide,"Morpho Trust USA, Inc.",287830.0,2017-12-05..2018-11-15,award,Approved,"em Institution County Vendor, Contractor, Grantee Description Page 11 of 20 Agenda Department of Information Technology 1-IT PS Statewide Morpho Trust USA, LLC Information Technology - MD Automated Fingerprint Identification System - Purchase 10 Morpho Trust Livescan machines. Term: 12/5/17- 11/15/18. Amount: $287,830. action: Approved discussion: No Doc. No. Q00B8400042 2-IT DLLR Various Comcast Business Information Technology - RETROACTIVE - Maryland Communications, LLC Occupational Safety and Health - Ethernet dedicated internet service and Ethernet network services. Term: 5/12/16- 8/31/17. Amount: $73,683. ac",1,1,1,1,1,1,1,1,
29,20260916,2017-11-15,2-IT,2017-Nov-15-Summary.pdf,11,DLLR,Various,"Comcast Business Communications, LLC",73683.0,2016-05-12..2017-08-31,award,Approved,"rust Livescan machines. Term: 12/5/17- 11/15/18. Amount: $287,830. action: Approved discussion: No Doc. No. Q00B8400042 2-IT DLLR Various Comcast Business Information Technology - RETROACTIVE - Maryland Communications, LLC Occupational Safety and Health - Ethernet dedicated internet service and Ethernet network services. Term: 5/12/16- 8/31/17. Amount: $73,683. action: Approved discussion: yes Doc. No. P00B8400022 Agenda Department of Transportation 1-AE DOT/SHA Statewide Biohabitats, Inc./ A. Morton Architectural/Engineering Contract - Award final open- Thomas and Associates, Inc. (JV) ended, task order based co",1,1,1,1,1,1,1,1,
30,20260916,2018-03-07,1-IT-MOD,2018-March-7-Summary.pdf,15,PS,Statewide,Global Tel Link Corporation,8110362.0,2018-04-01..2019-09-30,modification,Approved,"em Institution County Vendor, Contractor, Grantee Description Page 15 of 19 Agenda Department of Information Technology 1-IT-MOD PS Statewide Global Tel*Link (GTL) Information Technology Modification - Inmate payphone services; extend term. Term: 4/1/18- 9/30/19. Amount: $8,110,362. REV action: Approved discussion: yes Doc. No. COH52278 2-IT-MOD ELECTLAW Statewide Elections Systems and Software Information Technology Modification - Voting system (ES&S), LLC solution; compensation for equipment. Term: 3/30/18- 3/31/19. Amount: $149,787. REV action: Approved discussion: yes Doc. No. COH20202 Agenda Department of Tr",1,1,1,1,1,1,1,1,
31,20260916,2018-03-28,3-IT-OPT,2018-Mar-28-Summary.pdf,11,MDH,Statewide,"Health Risk Screening, Inc.",542500.0,2018-06-01..2019-05-31,renewal,Approved,"tion County Vendor, Contractor, Grantee Description Page 11 of 23 action: Approved discussion: yes Doc. No. Q00B8400101 3-IT-OPT MDH Statewide Health Risk Screening Tool, Inc. Information Technology Renewal Option - Developmental Disabilities Administration - Web-based support services; exercise option. Term: 6/1/18- 5/31/19. Amount: $542,500. action: Approved discussion: No Doc. No. M00B8400556 4-IT DOT/MdTA Statewide Global Public Safety, LLC Informtion Technology - Slick ticket - mini E-TIX carriers. Term: One-time purchase. Amount: $338,640. REV action: Approved discussion: No Doc. No. J01P8400096 5-IT DOT/MT",1,1,1,1,1,1,1,1,
32,20260916,2018-04-04,3-IT-OPT,2018-Apr-4-Summary.pdf,8,DJS,Statewide,"Behavioral Interventions, Inc.",1964430.0,2018-05-01..2023-04-30,renewal,Approved,"cial recognition system. Term: 4/18/18- 3/31/23. Amount: $947,762. action: Approved discussion: No Doc. No. Q00B8400125 3-IT-OPT DJS Statewide Behavioral Interventions, Inc. Information Technology Renewal Option - Community Detention Program -Radio frequency electronic monitoring equipment/services; exercise option. Term: 5/1/18- 4/30/23. Amount: $1,964,430. action: Approved discussion: No Doc. No. V00B8400079 4-IT DOT/MVA Statewide FAST Enterprises, LLC Information Technology - Customer Connect; installation and maintenance of new software Term: 4/19/18- 4/18/23. Amount: $66,864,484.",1,1,1,1,1,1,1,1,
33,20260916,2018-05-02,1-IT,2018-May-2-Summary.pdf,12,COMP,Anne Arundel,IBM Corporation,5761477.0,2018-07-01..2020-06-30,award,Approved,"1/18- 6/30/19. Amount: $4,800,000. action: Approved discussion: no Doc. No. Agenda Department of Information Technology 1-IT COMP Anne Arundel IBM Corporation Information Technology - Annapolis Data Center - Software maintenance and support services. Term: 7/1/18- 6/30/20. Amount: $5,761,477. action: Approved discussion: No Doc. No. E00B8400037 2-IT DOT Statewide Carahsoft Technology Corporation Information Technology - MDOT real time data visualizations and analytics. Term: 5/17/18- 5/16/21. Amount: $3,236,670. action: Approved discussion: No Doc. No. J01B8400029",1,1,1,1,1,1,1,1,
34,20260916,2018-06-20,9-IT,2018-June-20-Summary.pdf,36,OFCPLAN,Statewide,"Blackbaud, Inc.",181952.0,2018-07-07..2020-07-06,award,Approved,"d term for new procurement. Term: 7/21/18- 1/20/20. Amount: $334,422. action: Approved discussion: No Doc. No. COH59280 9-IT OFCPLAN Statewide Blackbaud, Inc. Information Technology - Maryland Historical Trust - Maryland Heritage Areas Authority - Grants lifecycle management software system. Term: 7/7/18- 7/6/20. Amount: $181,952. action: Approved discussion: No Doc. No. D40B8400002 10-IT-MOD DGS Statewide SHI International Corp. Information Technology Modification - Software to prevent critical breakdown of equipment. Extend contract term and add two option periods. Term: 6/29/18 - 6/28/19. Amount: $116,562. HC ",1,1,1,1,1,1,1,1,
35,20260916,2018-07-19,8-IT,2018-July-19-Summary.pdf,16,EDUC,,Apex Learning,198100.0,2018-08-15..2021-08-14,award,Approved,"titution County Vendor, Contractor, Grantee Description Page 16 of 27 action: Approved discussion: No Doc. No. COH63876 8-IT EDUC Apex Learning Information Technology - Juvenile Services Education Program - Online host learning. Term: 8/15/18- 8/14/21. Amount: $198,100. action: Approved discussion: yes Doc. No. R00B8400014 9-IT DIT Statewide -- Information Technology - Geographic Information System Software-as-a-Service Master Contract. Term: 7/19/18- 6/30/21. Amount: $10,000,000. SUP Eagleview Pictometry Functional Areas I & III Esri Functional Areas I & III action: Approved discussion: yes Doc. No. 060B7400056 ",1,1,1,1,1,1,1,1,
36,20260916,2018-08-01,3-IT-MOD,2018-Aug-1-Summary.pdf,12,MDH,Statewide,The Data Entry Company,541146.0,2018-09-01..2019-08-31,modification,Approved,"ng management system. Term: 9/1/18- 8/31/21. Amount: $290,000. REV action: Approved discussion: No Doc. No. 060B8400016 3-IT-MOD MDH Statewide The Data Entry Company Information Technology Modification - Office of Information Technology - Data entry services; extend contract. Term: 9/1/18- 8/31/19. Amount: $541,146. action: Approved discussion: No Doc. No. COH73128 4-IT-MOD MDH Statewide Truven Health Analytics, Inc. Information Technology Modification - Surveillance utilization review subsystem; extend contract. Term: 8/20/18- 8/19/19. Amount: $324,000. action: Approved discussion: No Doc. No. COH71699",1,1,1,1,1,1,1,1,
37,20260916,2018-08-22,1-IT-OPT,2018-Aug-22-Summary.pdf,16,COMP,Anne Arundel,"Recovery Point Systems, Inc.",510723.0,2018-09-19..2019-09-18,modification,Approved,"15- 9/27/20. Amount: $65,237,844. action: withdrawn discussion: No Doc. No. Agenda Department of Information Technology 1-IT-OPT COMP Anne Arundel Recovery Point Systems, Inc. Information Technology Renewal Option - Disaster recovery services; exercise option & increase funds. Term: 9/19/18- 9/18/19. Option Amount: $345,143. Modification Amount: $165,580. Total Amount: $510,723. action: Approved discussion: yes Doc. No. E00B9400001 2-IT-OPT HCD Statewide Emphasys Software Information Technology Renewal Option - Community Development Administration; exercise option. Term: 11/1/18- 10/31/19. Amount: $300,000. actio",1,1,1,1,1,1,0,1,"item_type: numbered 1-IT-OPT, typed modification because 'Modification Amount:' appears in the description - fixed afterwards by reading the item number first"
38,20260916,2018-10-17,7-IT-MOD,2018-Oct-17-Summary.pdf,11,PS,Statewide,"Appriss, Inc.",133755.0,2018-11-01..2018-12-31,modification,Approved,"es, LLC arrival system. Term: 11/1/18- 10/31/23. Amount: $934,713. action: Approved discussion: No Doc. No. J05B9400005 7-IT-MOD PS Statewide Appriss, Inc. Information Technology Modification - Victim Information Notification Everyday services maintenance and support contract; extend term. Term: 11/1/18- 12/31/18. Amount: $133,755. action: Approved discussion: No Doc. No. COH84199",1,1,1,1,1,1,1,1,
39,20260916,2018-12-19,10-IT,2018-Dec-19-Summary.pdf,24,PS,,"Appriss, Inc.",2480540.0,2019-01-03..2021-12-31,award,Approved,"earning management system. Term: 1/3/19 - 12/31/19. Amount: $197,000. action: Approved discussion: No Doc. No. COH88926 10-IT PS Appriss, Inc. Information Technology - Victim Information Notification Everyday (VINE) services and continue maintenance and technical support. Term: 1/3/19 - 12/31/21. Amount: $2,480,540. action: Approved discussion: No Doc. No. Q00B9400002 11-IT PS Statewide Gemalto Cogent, Inc. Information Technology - Replace Maryland Automated Fingerprinting System (MAFIS). Term: 10/1/19 - 9/30/24. Amount: $6,052,369. action: Approved discussion: No Doc. No. Q00B8400021",1,1,1,1,1,1,1,1,
40,20260916,2018-12-19,10-IT,2018-Dec-19-Summary.pdf,28,DOT/MPA,Baltimore City,"Northern Defense Industries, LLC",244095.0,2018-12-20..2021-12-05,award,Approved,"Commercial ground transportation. Term: 1/1/19- 12/31/21. Amount: See Item. action: Approved discussion: No Doc. No. -- 10-IT DOT/MPA Baltimore City Northern Defense Industries, LLC Information Technology - South Locust Point Cruise Terminal - Maintenance and support, underwater intrusion detection system. Term: 12/20/18- 12/5/21. Amount: $244,095. action: Approved discussion: No Doc. No. P219005 11-M DOT/MTA Baltimore Metro MSP Superior Services, Inc. Maintenance Contract - Light RailLink facilities and building Area maintenance. Term: 12/20/18- 12/19/21. Amount: $1,739,228. action: Approved discussion: No Doc. ",1,1,1,1,1,1,1,1,
41,20260916,2018-12-19,12-IT,2018-Dec-19-Summary.pdf,25,DOT/MdTA,Statewide,ProcessMAP Corporation,305456.0,2019-01-03..2024-01-02,award,Approved,"Agency 19-Dec-18 Item Institution County Vendor, Contractor, Grantee Description Page 25 of 47 12-IT DOT/MdTA Statewide ProcessMAP Corporation Information Technology - Provide implementation, software licenses, and training for Employee Safety and Risk Management software. Term: 1/3/19 - 1/2/24. Amount: $305,456. action: Approved discussion: No Doc. No. J01B8400013 13-IT-OPT DOT/MdTA Statewide COBAN Technologies, Inc. Information Technology Option - (FOCUS H1 Hi-Def In-Car system) Provide and install turn-key in-car digital video system through indefinite quantity contract. Exercise first 1- year option. Term: 2/",1,1,1,1,1,1,1,1,
42,20260916,2018-12-19,15-IT,2018-Dec-19-Summary.pdf,25,MSL,,"Keystone Systems, Inc.",210705.0,2019-01-01..2020-12-31,award,Approved,"quipment and software. Term: 1/3/19 - 3/28/20. Amount: $3,212,340. action: Approved discussion: No Doc. No. J05B9400008 15-IT MSL Keystone Systems, Inc. Information Technology - Continue use of Keystone Library Automation System. (KLAS) Term: 1/1/19 - 12/31/20. Amount: $210,705. action: Approved discussion: No Doc. No. R11B9400001",1,1,1,1,1,1,1,1,
43,20260916,2019-01-02,1-IT,2019-Jan-2-Summary.pdf,7,COMP,Statewide,"PKWare, Inc.",276597.0,2019-03-01..2024-02-28,award,Approved,"tem Institution County Vendor, Contractor, Grantee Description Page 7 of 15 Agenda Department of Information Technology 1-IT COMP Statewide PKWare, Inc. Information Technology - Enable secure exchange of data files with business partners and governmental agencies on various operating system platforms. Term: 3/1/19 - 2/28/24. Amount: $276,597. action: Approved discussion: No Doc. No. E00B9400021 2-IT DIT Statewide SHI International Corp. Information Technology Modification - Microsoft Select Plus and Enterprise software and related services. Exercise second option and modify to authorize increased usage. Term: 1/2",1,1,1,1,1,1,1,1,
44,20260916,2019-01-23,1-IT,2019-Jan-23-Summary.pdf,14,DOT/MTA,Various,"XenaTech Software Integration Services, LLC",137271.0,2019-02-07..2022-02-06,award,Approved,"15 - 9/27/20. Amount: $40,727,724. action: Approved discussion: No Doc. No. Agenda Department of Information Technology 1-IT DOT/MTA Various XenaTech Software Integration Information Technology - Replace Next Train Arrival System Services, LLC controllers installed in all Light Rail vehicles. Perform on-site training of MTA staff. Term: 2/7/19 - 2/6/22. Amount: $137,271. REV action: Approved discussion: No Doc. No. J05B9400011 2-IT-OPT DOT Statewide CACI, Inc. Information Technology Option - Provide technology services. Exercise option 6. Term: 2/27/19 - 8/26/19. Amount: $4,103,967. action: Approved discussion: N",1,1,1,1,1,1,1,1,
45,20260916,2019-03-20,3-IT,2019-Mar-20-Summary.pdf,9,DIT,Statewide,BI Incorporated,6173063.0,2019-04-01..2023-03-31,award,Approved,"y Software-As-A-Service. Term: 3/21/19- 3/20/20. Amount: $770,000. action: Approved discussion: No Doc. No. N00B9400299 3-IT DIT Statewide BI, Inc. Information Technology - Electronic monitoring for community supervision. Term: 4/1/19- 3/31/23. Amount: $6,173,063. action: Approved discussion: No Doc. No. 060B8400058 4-IT-MOD DIT Statewide -- Information Technology Modification - Consulting and technical services plus (CATS+); increase funding; add 28",1,1,1,1,1,1,1,1,
46,20260916,2019-05-08,6-IT-OPT,2019-May-8-Summary.pdf,17,DIT,Statewide,Verizon Maryland LLC,5000000.0,2019-07-01..2020-06-30,renewal,Approved,"vision; Correct term date. Term: 4/1/23 - 3/31/24. Amount: No change. action: Approved discussion: No Doc. No. COI10850 6-IT-OPT DIT Statewide Verizon Maryland LLC Information Technology Renewal Option - Local telecommunications services; exercise option. Term: 7/1/19- 6/30/20. Amount: $5,000,000. action: Approved discussion: No Doc. No. 060B9400116 7-IT DOT/SHA Baltimore Region StreetLight Data, Inc. Information Technology - StreetLight Insight regional subscription. Term: 5/20/19- 5/19/20. Amount: $236,137. action: withdrawn discussion: No Doc. No. J02P9400028 8-IT-MOD DOT/MTA Statewide Conduent Transport Solut",1,1,1,1,1,1,1,1,
47,20260916,2019-06-05,8-IT,2019-Jun-5-Summary.pdf,22,DOT,Statewide,IBM Corporation,1742838.0,2019-07-01..2020-06-30,award,Approved,"titution County Vendor, Contractor, Grantee Description Page 22 of 34 action: Approved discussion: No Doc. No. COI10526 8-IT DOT Statewide IBM Corporation Information Technology - IBM mainframe software licenses and related support. Term: 7/1/19- 6/30/20. Amount: $1,742,838. action: Approved discussion: No Doc. No. J01B0600001 9-IT-MOD TREAS Statewide A&T Systems, Inc. Information Technology Modification - Microsoft Dynamic Enterprise 365 implementation and IT support; increase term, replace, hire and add new positions. Amount: $1,308,947. action: Approved discussion: No Doc. No. E20B8400002 10-IT BCCC Baltimore ",1,1,1,1,1,1,1,1,
48,20260916,2019-07-03,5-IT,2019-Jul-3-Summary.pdf,14,BCCC,Baltimore City,"Hartman Executive Advisors, LLC",725000.0,2018-06-07..2019-04-12,award,Approved,"lementation project. Term: 7/22/19 -7/21/24. Amount: $466,258. SUP action: Approved discussion: No Doc. No. 060B9400160 5-IT BCCC Baltimore City Hartman Executive Advisors, LLC Information Technology - RETROACTIVE - Chief Information Officer and Chief Technology Officer leadership and advisory services. Term: 6/7/18 - 4/12/19. Amount: $725,000. SUP action: Approved discussion: No Doc. No. R95B9400007 6-IT-MOD DIT Statewide Deloitte Consulting LLP Information Technology Modification - Provide Amazon web services. Provide for increased contract usage for remainder of base term and incorporate federally-required pro",1,1,1,1,1,1,1,1,
49,20260916,2019-07-24,5-IT,2019-July-24-Summary.pdf,20,ELECTLAW,Statewide,"Elections Systems and Software (ES&S), LLC",1020845.0,2019-09-01..2020-11-30,award,Approved,"Contractor, Grantee Description Page 20 of 41 WITS Solutions, Inc. action: Approved discussion: No Doc. No. 060B2490023 5-IT ELECTLAW Statewide Elections Systems and Software Information Technology - Purchase electronic pollbooks for (ES&S), LLC the 2020 Presidential election cycle and future elections. Term: 9/1/19 - 11/30/20. Amount: $1,020,845. action: Approved discussion: No Doc. No. D38B9400015 6-IT-MOD MDH Statewide IBM Watson Health, formerly Information Technology Modification - License, maintain, Truven Health Analytics, Inc. enhance, modify and repair Client-Server Surveillance Untilization Review Subys",1,1,1,1,1,1,1,1,
50,20260916,2019-08-14,7-IT,2019-Aug-14-Summary.pdf,17,PS,Statewide,Global Tel Link Corporation,42915009.0,2019-09-01..2022-12-31,award,Approved,"0. Verizon Wireless T-Mobile USA AT&T Mobility Sprint Solutions, Inc. action: Approved discussion: No Doc. No. COI31214 7-IT PS Statewide Global Tel Link Corporation Information Technology - Intergovernmental cooperative purchase - DPSC seeks to enter into an Intergovernmental Coopertative Purchasing agreement through Prince William County (VA) to provide inmate telecommunications system and other technologies. Term: 9/1/19 - 12/31/22. Amount: $42,915,009. REV action: Approved discussion: yes Doc. No. Q00B9400038 8-IT-MOD PS Statewide Appriss, Inc. Information Technology - Upgrade current VINE (Victim Information",1,1,1,1,1,1,1,1,
51,20260916,2019-09-04,2-IT-MOD,2019-Sept-4-Summary.pdf,17,DBM,Statewide,"Performa Software USA, Inc.",2994792.0,..,modification,Approved,"- 9/3/2029. (10-year base with four 5-year renewal options). Amount: $564,650. action: Approved discussion: No Doc. No. 2-IT-MOD DBM Statewide Performa Software USA Information Technology Contract Modification - Budgeting software to support creation, analysis, publication and modification of operating budgets for State agencies. Exercise first renewal option. Term: 10/1/19 - 9/3021. Amount: $2,994,792. action: Approved discussion: No Doc. No. F50B7400013",1,1,1,1,1,1,1,1,
52,20260916,2019-11-20,28-IT-MOD,2019-Nov-20-Summary.pdf,24,DIT,Statewide,"Colossus, Inc., d/b/a InterAct Public Safety Systems",2800000.0,2019-12-01..2020-11-30,modification,Approved,"titution County Vendor, Contractor, Grantee Description Page 24 of 27 action: Approved discussion: No Doc. No. COI40966 28-IT-MOD DIT Statewide Colossus, Inc. d/b/a InterAct Information Technology Modification - Computer-aided Public Safety Systems dispatch, records management, automated vehicle location, and automated field reporting system. Increase contract authority by $1,129,298 for fifth and finaloption. Term: 12/1/19 - 11/30/20. Amount: $2,800,000. action: Approved discussion: No Doc. No. 060B0600035 29-IT DIT Statewide -- Information Technology - Approve task order/purchase orders under previously-approve",1,1,1,1,1,1,1,1,
53,20260916,2020-02-19,37-IT 4.1,2020-Feb-19-Summary.pdf,24,DOHR,Various,Data Networks,282600.0,2020-03-05..2021-03-04,award,Approved,"sys Purchase Order - Buy new synergy $563,960.00 blade enclosures and servers. Term: anticipated delivery 2/28/20. DOHR 4.1 Data Networks Purchase Order - Buy 1,413 $282,600.00 monitors and replace out-of-date equip. at 13 locations. Term: 3/5/20-3/4/21. action: Approved discussion: No Doc. No. 38-M DGS Montgomery Watkins Security Agency, Inc. Maintenance - Department of General Services/Silver Spring District Court - Unarmed uniformed guard service. Term: 5/1/20 - 4/30/23. Amount: $504,073. action: Approved discussion: No Doc. No. 001B0600231 39-M DGS Baltimore CMS, LLC Maintenance - Essex/Rosedale District Cour",1,1,1,1,1,1,1,1,
54,20260916,2020-03-04,28-IT,2020-Mar-4-Summary.pdf,20,COMP,Statewide,"Telaforce, LLC",986770.0,2020-05-01..2025-04-30,award,Approved,"ame software products. Term: 7/1/20 - 6/30/22. Amount: $5,976,474. action: Approved discussion: No Doc. No. E00B0600019 28-IT COMP Statewide Telaforce, LLC Information Technology - HighVIEW Electronic Document Management (EDM) Software Maintenance and support for the Maryland Register of Wills and the Comptroller. Term: 5/1/20 - 4/30/25. Amount: $986,770. action: Approved discussion: No Doc. No. E00B0600021 29-IT-OPT DOT/MVA Statewide Mathtech, Inc. Information Technology Option - Enterprise Management System Project - Implement and modernize enterprise legacy systems, processes, and overall IT infrastructure - E",1,1,1,1,1,1,1,1,
55,20260916,2020-03-04,30-IT 2.1,2020-Mar-4-Summary.pdf,21,DOT/MTA,Various,DSR Inc.,468360.0,..,award,Approved," $2,469,647.00 Maryland Automated Benefit System (MABS) and other systems. Extend term. Term: 6/1/20 - 5/31/22. DOT/MTA 2.1 DSR, Inc. Purchase Order - Buy 120 $468,360.00 Panasonic Toughbook CF-31 Laptops with 4-year extended warranty for MDTA Police use in fleet vehicles. Term: Delivery 30 days from PO.",1,1,1,1,1,1,1,1,
56,20260916,2020-03-18,23-IT 1.2,2020-Mar-18-Summary.pdf,22,PS/CORR,Statewide,"Business Solutions Group, Inc.",1327220.0,..,award,Approved,"Agency 18-Mar-20 Item Institution County Vendor, Contractor, Grantee Description Page 22 of 25 extend term. PS/CORR 1.2 Business Solutions Group Task Order - Add Project $1,327,220.00 Manager to implement a new Enterprise Resource Program for Maryland Correctional Enterprises (MCE). Term: TREAS 1.3 iCUBE Systems, Inc. Task Order Modification - Add $250,000.00 Project Manager for development and migration efforts for its current legacy systems - Exercise the third of four 1-year renewal options. Term: 3/28/20 - 3/27/21. DBM 2.1 Powersolv, Inc. Task Order - Central Collection $460,000.00 Unit (CCU) Human Resources ",1,1,1,1,1,1,1,1,
57,20260916,2020-04-01,23-IT,2020-Apr-01-Summary.pdf,17,EDUC,Statewide,"The Canton Group, LLC",6960425.0,2020-04-02..2022-03-31,renewal,Approved," Act expert consultation support; Approve 2 contracts. Amount: $1667,827. SUP action: Approved discussion: No Doc. No.: 23-IT EDUC Statewide The Canton Group Information Technology Option - Office of Child Care - System maintenance, engineering, and support services for the Child Care Administrative Tracking System (CCATS) and associated portal; Approve Task Order contract under Master Contract to exercise a 2-year renewal option. Term: 4/2/20 - 3/31/22. Amount: $6,960,425. RS action: Approved discussion: No Doc. No.: Items are subject to withdrawal without prior notice. Item may be added after agendas are printe",1,1,1,1,1,1,1,1,
58,20260916,2020-04-22,7-IT,2020-Apr-22-Summary.pdf,24,DBM/OPSB,Statewide,-- LLC - Vijay Paidipalli F10B0600048 LLC - Gowri Ramanolla F10B0600049 LLC - Sriram Manneni F10B0600050 Inc. - Gagan Setia F10B0500051 LLC - Satish F10B0600052 Management F10B0600053 - Lisa Liedtke Inc. - Jagan Paddamallu F10B0600054,2450920.0,2020-05-01..2021-06-30,award,Approved,"ary Group, Inc. (MAIG) Deaf Access Solutions, Inc. (DAS) Secondary action: Approved discussion: No Doc. No. R00B0600082 7-IT DBM/OPSB Statewide -- Information Technology - Statewide Personnel System (SPS) Workday human resources management and timekeeping system operation maintenance and resources. Term: 5/1/20 - 6/30/21. Amount: $2,450,920.",1,1,1,1,1,1,1,1,
59,20260916,2020-05-20,22-IT-OPT,2020-May-20-Summary.pdf,25,COMP,Anne Arundel,"Teradata Government Systems, LLC",4371039.0,2020-07-01..2021-06-30,renewal,Approved,"mation System mainframe. Term: 6/16/20 - 6/15/21. Amount: $86,492. action: Approved discussion: No Doc. No. J01B0600045 22-IT-OPT COMP Anne Arundel Teradata Government Systems, Information Technology Option - Ongoing technical support LLC and system maintenance of BRE's Teradata Data warehouse;",1,1,1,1,1,1,1,1,
60,20260916,2020-06-17,19-IT,2020-Jun-17-Summary.pdf,35,DJS,Statewide,National Council on Crime and Delinquency Corporation,665400.0,2020-07-01..2023-06-30,award,Approved,"Earnings Limitation Law. Term: 7/2/20 - 8/31/21. Amount: $65,475. REV action: Approved discussion: No Doc. No. COI59776 19-IT DJS Statewide National Council on Crime and Information Technology - SafeMeasures software Delinquency Corporation subscription, a real-time automated reporting system used by DJS case managers and executive level administrators for communication, information collection, and analytics. Term: 7/1/20 - 6/30/23. Amount: $665,400. action: Approved discussion: No Doc. No. V00B1600002 20-IT DJS Statewide FEI COM, Inc. dba FEI Systems Information Technology - Juvenile case management and",1,1,1,1,1,1,1,1,
61,20260916,2020-07-01,25-IT 1.3,2020-Jul-01-Summary.pdf,37,DOHR,Statewide,"Oakland Consulting Group, Inc.",417459.0,..,award,Approved,"2 Mythics, Inc. Task Order - Retroactive - Annual $716,255.34 support for Oracle Database. Term: 3/1/20 - 6/29/21. DOHR 1.3 Oakland Consulting Group, Task Order - RETROACTIVE - $417,459.00 Inc. Red Hat Ansible Tower software for MD THINK. MDH 2.1 FEI Systems Task Order - Medicaid Provider $23,703,720.00 Services LTSSMaryland software design, development and implementation. Term: 8/1/20 - 7/31/23 (w/ two 1-year renewal options). DOHR/OTHS 2.2 Maximus Human Services, Task Order - Maintenance and $1,170,316.00 Inc. operations support - RETROACTIVE - Extend term for an additional year to continue essential ECMS servi",1,1,1,1,1,1,1,1,
62,20260916,2020-07-22,29-IT-OPT,2020-Jul-22-Summary.pdf,32,DGS,Statewide,"Metrc, LLC (novation from Franwell, Inc.)",310000.0,..,renewal,Approved,"a 1-year period. Term: 8/11/20 - 8/10/21. Amount: $4,500,000. REV action: withdrawn discussion: No Doc. No. 060B0600016 29-IT-OPT DGS Statewide Metrc, LLC (novation from Information Technology Option - Medical Cannabis Franwell, Inc.) Commission Seed-to-Sale Tracking System; Exercise the second and final renewal option. 8/18/20 - 8/17/21. Amount: $310,000. action: Approved discussion: No Doc. No. 001B0600473 30-IT-MOD DGS Various .. Information Technology Modification - Consulting and Technical Services Plus (CATS+); Add four master contractors. Term: 4/22/13 - 4/21/2028. Amount: $0.",1,1,1,1,1,0,1,1,term: the dates are printed without a 'Term:' label ('8/18/20 - 8/17/21')
63,20260916,2020-07-22,30-IT-MOD,2020-Jul-22-Summary.pdf,32,DGS,Various,".. Services LLC Lochbridge Company, LLC",0.0,2013-04-22..2028-04-21,modification,Approved,"ond and final renewal option. 8/18/20 - 8/17/21. Amount: $310,000. action: Approved discussion: No Doc. No. 001B0600473 30-IT-MOD DGS Various .. Information Technology Modification - Consulting and Technical Services Plus (CATS+); Add four master contractors. Term: 4/22/13 - 4/21/2028. Amount: $0.",1,1,1,1,1,1,1,1,
64,20260916,2020-07-22,32-IT 1.1,2020-Jul-22-Summary.pdf,33,DIT,Statewide,"Spatial Systems Associates,",331875.0,2020-08-13..2021-08-12,award,Approved,"l Off-the-Shelf Software (COTS) 2012; (3.0) Hardware/Associated Equipment & Services 2012). Amount: $7,823,074. REV DIT 1.1 Spatial Systems Associates, Add an additional database $331,875.00 Inc. management resource and analyst position. Term: 8/13/20 - 8/12/21.",1,1,1,0,1,1,1,1,"vendor: 'Spatial Systems Associates,' - 'Inc.' on the next line"
65,20260916,2020-07-22,32-IT 1.3,2020-Jul-22-Summary.pdf,34,MDH,Statewide,"Group Z, Inc.",8396190.0,..,award,Approved,"ty of support, avoid lapse of service, and allow time for new solicitation to be awarded. Term: 9/21/20 - 11/30/21. MDH 1.3 Group Z, Inc. Electronic Data Interchange $8,396,190.00 Transaction Processing System (EDITPS) Operation Support and Maintenance - DIT 1.4 Sabre Industries Tower and Georgia Avenue SHA $312,353.00 Poles Communications Tower - Final concept design, storm water retention ponds and associated works being added. Term: 200 days. DOHR CDW Government 2.1 - Cloudera software $682,924.00 DOHR 2.2 Applied Technology Services Renew annual subscription and $491,128.00 (ATS) support to Duo access gateway",1,1,1,1,1,1,1,1,
66,20260916,2020-07-22,6-IT-OPT,2020-Jul-22-Summary.pdf,20,DOT/MPA,Statewide,"-- Mirmiran & CO378171 Inc. Klepper & Kahl, LLP CO378178",1000000.0,2021-01-08..2022-01-07,renewal,Approved,"Agency 22-Jul-20 Item Institution County Vendor, Contractor, Grantee Description Page 20 of 39 6-IT-OPT DOT/MPA Statewide -- Information Technology Renewal Option - Geographical Information Systems (GIS) services; Exercise the first of two 1- year renewal options. Term: 1/8/21 - 1/7/22. Amount: $1,000,000. Johnson, Mirmiran & CO378171 $500,000.00 Thompson, Inc. Rummel, Klepper & Kahl, LLP CO378178 $500,000.00 action: Approved discussion: No Doc. No. 7-IT DOT/MPA Statewide DK Consulting, LLC Information Technology - Project manager to lead information technology initiatives of the Maryland Department of Transporta",1,1,1,1,1,1,1,1,
67,20260916,2020-08-12,44-IT 1.4,2020-Aug-12-Summary.pdf,43,DOT/SHA,Various,"KCI Technologies, Inc.",690000.0,2020-09-16..2021-02-28,award,Approved," Extend $510,000.00 term while new procurement is conducted, with additional funding. Term: 10/17/20 - 11/30/21 DOT/SHA 1.4 KCI Technologies, Inc. Geographic Information System $690,000.00 (GIS) Program support - Extend term to conduct new procurement. Term: 9/16/20 - 2/28/21. DOT 1.5 SNAP, Inc. Mainframe Employee Information $1,200,000.00 System (EMIS) and Software Configuration Management (SCM) - Extend term to conduct new procurement. Term: 10/17/20 - 12/31/21. PS/CORR 2.1 Information Builders, Inc. Produce management reports $251,001.00 using any of the Department's mainframe data sources. Term: 9/30/20 - 9/2",1,1,1,1,1,1,1,1,
68,20260916,2020-09-02,24-IT-MOD,2020-Sept-02-Summary.pdf,37,MDL,Statewide,"Sagitec Solutions, LLC",5229535.0,2020-09-30..2021-12-31,modification,Approved,"vironmental services. Term: 10/1/20 - 9/30/25. Amount: $2,550,530. action: Approved discussion: No Doc. No. M00B1600104 24-IT-MOD MDL Statewide Sagitec Solutions, LLC Information Technology Modification - Unemployment Insurance IT modernization project - (1) Clarify details of contract as originally executed, but not outlined in the 2015 Board agenda item; (2) Retroactive approval of various activities taken, altering contract and exceeding delegated authority; (3) modify the contract terms and increase contract authority. Total Amount: $5,229,535. Part B: Proactive approval to $1,574,614.00 extend the base perio",1,1,1,1,1,1,1,1,
69,20260916,2020-09-02,25-IT 1.1,2020-Sept-02-Summary.pdf,38,DOT/MVA,Statewide,Applied Technology Services Inc.,564743.0,2020-10-27..2025-10-06,award,Approved,"cial Off-the-Shelf Software (COTS) 2012, (3) Hardware/Associated Equipment & Services 2012. Amount: $1,892,333. DOT/MVA 1.1 Applied Technology Services Obtain the services of a payment $564,743.00 (ATS) card industry (PCI) approved scanning vendor and qualified security assessor to perform an annual PCI assessment with all associated documentation. Term: 10/27/20 - 10/6/25. EDUC 1.2 ALENT Technologies LLC Obtain one technical project $666,000.00 manager to provide supervision for operations, maintenance and enhancement activities for the Maryland Accountability & Reporting System (MARS) and the Maryland Direct Ce",1,1,1,1,1,1,1,1,
70,20260916,2020-09-23,20-IT-OPT,2020-Sept-23-Summary.pdf,28,COMP,Statewide,"Fairfax Imaging, Inc.",238569.0,2020-11-04..2021-11-03,renewal,Approved,"bridges and roadways. Term: 10/16/20 - 10/15/25. Amount: $466,882. action: Approved discussion: No Doc. No. J01B0600040 20-IT-OPT COMP Statewide Fairfax Imaging, Inc. Information Technology Option - Implementation of Check- 21 and replacement of existing remittance processing system - Exercise fifth and final renewal option. Term: 11/4/20 - 11/3/21. Amount: $238,569. action: Approved discussion: No Doc. No. E00B1600010 21-IT-MOD MDH Statewide IBM Watson Health (formerly Information Technology Modification - Office of Enterprise Truven Health Analytics) Technology (EOT) Medicaid Utilization Review - License, maint",1,1,1,1,1,1,1,1,
71,20260916,2020-09-23,26-IT,2020-Sept-23-Summary.pdf,30,VARIOUS,Statewide,--,6621277.0,..,award,Approved,"ensing - Extend term. Term: 10/20/20 - 4/19/21. Amount: $171,957. REV action: Approved discussion: No Doc. No. COI74641 26-IT VARIOUS Statewide -- Information Technology - Approve 10 Task Orders under previously approved Master Contracts: (1) Consulting and Technical Services Plus (CATS+), (2) Commercial Off-the- Shelf Software (COTS) 2012, (3) Hardware/Associated Equipment & Services 2012, and (4) GIS Software as a Service (SaaS). Amount: $6,621,277. REV DOT/MTA 1.1 DK Consulting, LLC Modification - Microsoft $368,328.00 Database administration support - Extend term and approve additional funding to provide cont",1,1,1,1,1,1,1,1,
72,20260916,2020-11-04,18-IT,2020-Nov-4-Summary.pdf,21,BCCC,Baltimore City,"Ellucian Company, LP",4913982.0,2020-11-19..2023-09-30,award,Approved,"et and report findings for the General Assembly as required. Amount: $246,543. action: Approved discussion: No Doc. No. 18-IT BCCC Baltimore City Ellucian Company, LP Information Technology - Campus-wide Enterprise Resource Planning (ERP) implementation of an integrated software site that will allow the College to perform its functions on one platform. Term: 11/19/20 - 9/30/23 (w/three 1-year renewal options). Amount: $4,913,982. action: Approved discussion: No Doc. No. R95B1600001 19-IT-OPTMOD DOT/SHA Statewide Communications Electronics, Inc. Information Technology Option/Modification - Provide (CEI) Intelligen",1,1,1,1,1,1,1,1,
73,20260916,2020-11-04,22-IT 2.1,2020-Nov-4-Summary.pdf,23,PS,Statewide,Applied Technology Inc. (ATS),864500.0,..,award,Approved,"ment. Term: Anticipated delivery date of 11/19/20 (term will be for one year beginning when licenses are purchased). PS 2.1 Applied Technology 500 Dell Laptop computers & $864,500.00 Services, Inc. docking stations plus accessories to refresh inventory of and provide laptops to staff telecommuting due to COVID-19. Term: 30 days from NTP w/5 DIT 3.1 NEC Corporation Purchase of a new Oracle $221,864.00 Communications Session Border Controller (at 45% discount off the manufacturer's MSRP price), to reside in the new DoIT Datacenter, providing redundant access to incoming/outgoing VoIP services for 10,000+ statewide ",1,1,1,1,1,1,1,1,
74,20260916,2020-11-04,22-IT 3.1,2020-Nov-4-Summary.pdf,23,DIT,Statewide,NEC Corporation,221864.0,2020-11-19..2020-12-31,award,Approved,"ries to refresh inventory of and provide laptops to staff telecommuting due to COVID-19. Term: 30 days from NTP w/5 DIT 3.1 NEC Corporation Purchase of a new Oracle $221,864.00 Communications Session Border Controller (at 45% discount off the manufacturer's MSRP price), to reside in the new DoIT Datacenter, providing redundant access to incoming/outgoing VoIP services for 10,000+ statewide users. Term: 11/19/20 - 12/31/20. action: Approved discussion: No Doc. No.",1,1,1,1,1,1,1,1,
75,20260916,2020-11-18,23-IT 1.2,2020-Nov-18-Summary.pdf,24,EDUC,Statewide,Conduent State & Local Inc.,538166.0,2020-11-19..2021-11-19,modification,Approved,"bricated, concrete shelter building to house critical communications equipment. Term: 120 days from NTP. EDUC Statewide 1.2 Conduent State & Local R00B5400059 Information Technology $538,166.00 Solutions, Inc. Modification - The Office of Child Care Credentialing Branch - Credentialing Program Help Desk, Imaging and Data Entry Processing - Extend term to complete new procurement. Term: 11/19/20 - 11/19/21. DOT/MdTA Various 2.1 NEC Corporation of J01B0600010 Bay Bridge - Update all hardware $1,029,470.00 America (NECAM) and software components of the Interactive Voice Response (IVR) telphone technology, an automat",1,1,1,1,1,1,1,1,
76,20260916,2020-12-16,27-IT 4.2,2020-Dec-16-Summary.pdf,32,PS,Various,Applied Technology Inc. Sub-Items,4681450.0,2020-12-03..2025-12-02,award,Approved,"ntain record keeping for FAA compliance, and flight following capabilities to track the aircraft at all times. Term: PS 4.2 Applied Technology Check Point Enterprise Support for $4,681,450.00 Services, Inc. firewalls controlling traffic between DPSCS’ internal and external networks. Term: 12/3/20 - 12/2/25. action: Approved discussion: No Doc. No. Sub-Items 3.2 & 3.3 were withdrawn; all remaining Sub-Items approved. 28-LL CANALPLAC Allegany .. Landlord Lease - Canal Place - Office/Retail Space - Approve 8 lease renewals for Shops at Canal Place (14-17 Howard Street, Cumberland) and Office Space at Western Marylan",1,1,1,0,1,1,1,1,vendor: 'Applied Technology Inc. Sub-Items' - an action note ran into the vendor column
77,20260916,2021-01-06,20-IT-MOD,2021-Jan-6-Summary.pdf,30,MCHR,Statewide,"Social & Scientific Systems, Inc.",1464405.0,2021-05-01..2021-12-31,modification,Approved,"21/28. Amount: $0. REV R & B Services, Inc. Talentech Digital LLC action: Approved discussion: yes Doc. No. 060B2490023 20-IT-MOD MCHR Statewide Social & Scientific Systems, Inc. Information Technology Modification - Data Management and Analytic Support for the Maryland Medical Care Database - Extend term and add funds to complete a new procurement. Term: 5/1/21 - 12/31/21. Amount: $1,464,405. action: Approved discussion: No Doc. No. COJ02508 21-IT-MOD LOTT Statewide Scientific Games International, Inc. Information Technology Modification - State Lottery & Gaming Control Agency, Lottery Operations Division - Lice",1,1,1,1,1,1,1,1,
78,20260916,2021-01-06,22-IT,2021-Jan-6-Summary.pdf,31,VARIOUS,Statewide,..,40815720.0,..,award,Approved," Description Page 31 of 35 License Fee $334,400.00 Prizes $576,000.00 action: Approved discussion: No Doc. No. COJ04145 22-IT VARIOUS Statewide .. Information Technology - Approve the following eight (8) Task Orders/Purchase Orders under previously-approved Master Contracts (1.0) Consulting and Technical Services Plus (CATS+), (2.0) Commercial Off-the-Shelf Software (COTS) 2012, (3.0) Hardware/Associated Equipment and Services 2012, and (4.0) PBX IV - Telecommunications Equipment and Services. Amount: $40,815,720. REV DOT/MdTA 1.1 ServBeyond Solutions LLC One Master Contractor with a $15,489,063.00 broad range of",1,1,1,1,1,1,1,1,
79,20260916,2021-01-06,22-IT 1.1,2021-Jan-6-Summary.pdf,31,DOT/MdTA,Statewide,ServBeyond Solutions LLC,15489063.0,2021-02-01..2026-02-28,award,Approved,"ment and Services 2012, and (4.0) PBX IV - Telecommunications Equipment and Services. Amount: $40,815,720. REV DOT/MdTA 1.1 ServBeyond Solutions LLC One Master Contractor with a $15,489,063.00 broad range of technical expertise to provide consulting services, operation, and maintenance support of the OpenText Enterprise Content Management System. Term: 2/1/21 - 2/28/26. EDUC 1.2 Deloitte Consulting LLP Obtain a paperless, online $18,807,747.00 application submission, case management, and provider payment processing system that operates within a 50 mile radius of MSDE. Term: 1/28/21 - 12/17/23 w/two 1-year renewal",1,1,1,1,1,1,1,1,
80,20260916,2021-01-27,23-IT-MOD,2021-Jan-27-Summary.pdf,26,ELECTLAW,Statewide,"Elections Systems and Software, LLC",930945.0,2021-02-11..2023-03-31,modification,Approved,"20/21 - 2/19/22 (w/one 6-month renewal option). Amount: $334,500. REV action: Approved discussion: No Doc. No. COJ05555 23-IT-MOD ELECTLAW Statewide Election Systems and Software Information Technology Modification - Voting System (ES&S) Solution - Statewide voting system hardware, equipment repairs and maintenance. The voting system solution produces a verifiable paper record of each voter's selections - Add equipment procured for the 2020 General Election to the extended lease agreement and the cost of an equipment and network upgrade to the current system necessary to maintain the warranty through the 2022 Gub",1,1,1,1,1,1,1,1,
81,20260916,2021-04-07,37-IT-OPTMOD,2021-APR-7-Summary.pdf,26,DBM,Statewide,CR Software,1649167.0,2021-05-01..2022-04-30,modification,Approved,"ount: $6,570; Proactive Amount: $1,086,874; Total Amount: $1,093,444. action: Approved discussion: No Doc. No. COJ10178 37-IT-OPTMOD DBM Statewide CR Software Information Technology Option/Modification - Central Collection Unit (CCU) - Information Technology Support Management for Debt Collection Information System software application replacing CCU's 25-year old legacy collections software - (1) Exercise the third renewal option; (2) Authorize additional FICO consulting support of critical operational and enhancement tasks. Term: 5/01/21 - 4/30/22. Renewal Option Amount: $115,425; Modification Amount: $1,533,742",1,1,1,1,1,1,1,1,
82,20260916,2021-04-07,38-IT-MOD,2021-APR-7-Summary.pdf,26,DIT,Statewide,"Bravium Consulting, Inc.",0.0,2021-04-22..2028-04-21,modification,Approved,"15,425; Modification Amount: $1,533,742.10; Total Amount: $1,649,167. action: Approved discussion: No Doc. No. COI52474 38-IT-MOD DIT Statewide Bravium Consulting, Inc. Information Technology Modification - Multiple award, indefinite-quantity, task order-based Master Contract for technical and consulting services in 17 functional areas - Add one master contractor to the approved list of service providers. Term: 4/22/21 - 4/21/28. Amount: $0.",1,1,1,1,1,1,1,1,
83,20260916,2021-04-21,25-IT,2021-APR-21-Summary.pdf,31,VARIOUS,Statewide,..,28542357.0,..,award,Approved," sole renewal option. Term: 6/1/21 - 5/31/26. Amount: $29,224,492. action: Approved discussion: No Doc. No. J02B6400004 25-IT VARIOUS Statewide .. Information Technology - Approve the following eight Task Orders/Purchase Orders under previously approved Master Contracts: (1.0 Consulting and Technical Services Plus - CATS+), (2.0 Commercial Off-the-Shelf Software - COTS 2012, (3.0 Hardware/Associated Equipment & Services 2012-, and (4.0 PBX IV - Telecommunications Equipment and Services). Amount: $28,542,357. REV DOT 1.1 GanTech, Inc. TSO, Office of Transportation $22,707,565.00 Technology Services - Implement IBM",1,1,1,1,1,1,1,1,
84,20260916,2021-05-05,39-IT 1.1,2021-May-5-Summary.pdf,27,DOHR,Statewide,"Momentum, Inc.",3250520.0,2021-06-01..2022-05-31,award,Approved," and Technical Services Plus (CATS+), and (2.0) Hardware/Associated Equipment & Services 2012. Amount: $7,836,236. DOHR 1.1 Momentum, Inc. DHS Enterprise Project $3,250,520.00 Management Office - Management service support and contract oversight - Extend Task Order for continuity of service as application is migrated to the MDTHINK platform starting in June 2022. Term: 6/1/21 - 5/31/22. DOHR 1.2 Telecommunications Contract staff with advanced $3,738,286.00 Systems, Inc. technical skills in network engineering, design, deployment, and daily operations support - Extend Task Order for the continuance of essential Te",1,1,1,1,1,1,1,1,
85,20260916,2021-06-02,49-IT 1.4,2021-Jun-02-Summary.pdf,34,MDH,Statewide,Gantech Inc.,4253517.0,2021-08-08..2022-08-07,modification,Approved,"stem (EDITPS) Operation Support and Maintenance - Extend term to allow for new procurement . Term: 9/1/21 - 8/31/22 MDH 1.4 Gantech, Inc. M00B1600048 Modification - Medicaid $4,253,517.00 Management Information System Resources - Extend term to allow for new procurement . Term: 8/8/21 - 8/7/22 (w/one 6-month renewal option) DOHR 2.1 Applied Technology Renew annual subscription and $491,128.00 Services, Inc. support for Duo access gateway, a Multi Factor Authentication gateway for securing connectivity to AWS (Amazon Web Services) and on-premises VPN and other applications, that is currently deployed for DHS and M",1,1,1,1,1,1,1,1,
86,20260916,2021-06-02,49-IT 2.1,2021-Jun-02-Summary.pdf,34,DOHR,Statewide,Applied Technology Inc. (ATS),491128.0,2021-07-01..2022-06-30,award,Approved,"System Resources - Extend term to allow for new procurement . Term: 8/8/21 - 8/7/22 (w/one 6-month renewal option) DOHR 2.1 Applied Technology Renew annual subscription and $491,128.00 Services, Inc. support for Duo access gateway, a Multi Factor Authentication gateway for securing connectivity to AWS (Amazon Web Services) and on-premises VPN and other applications, that is currently deployed for DHS and MD THINK VPN integrations. Term: 7/1/21 - 6/30/22 DIT 2.2 DISYS Solutions Cisco equipment purchase to be $272,833.10 used to upgrade the local area networks in preparation of migration to the enterprise Voice- ov",1,1,1,1,1,1,1,1,
87,20260916,2021-06-02,49-IT 2.4,2021-Jun-02-Summary.pdf,35,DOT,Statewide,SHI,706767.0,2021-07-01..2022-06-30,award,Approved,"lacement of existing legacy compute resources comprising DoIT’s Private Cloud infrastructure. Term: 8/1/21 - 8/1/24 DOT 2.4 SHI CA Technologies provides crucial $706,767.00 infrastructure software solutions for MDOT’s mainframe processing. Term: 7/1/21 - 6/30/22 action: Approved discussion: No Doc. No. 50-RP DGS Various -- Real Property - Title Services - Master contract on a work- order basis to perform acquisitions and additional related activities as required for residential, commercial, agricultural, and unimproved properties in the Northern and Western Regions (Baltimore City, Baltimore, Carroll, Harford, Ho",1,1,1,0,1,1,1,1,vendor: printed as a bare 'SHI'; not merged with SHI International until the acronym was added to the merge list by hand
88,20260916,2021-06-16,18-IT,2021-Jun-16-Summary.pdf,24,DEFENDER,Statewide,"Hartman Executive Advisors, LLC",1371825.0,2018-02-01..2021-06-30,award,Approved,"Agency 16-Jun-21 Item Institution County Vendor, Contractor, Grantee Description Page 24 of 34 18-IT DEFENDER Statewide Hartman Executive Advisors Information Technology - RETROACTIVE - Interim Chief Information Officer (CIO) services and assistance with improving and supporting the Office of the Public Defender’s overall technology operating environment. Term: 2/1/18 - 6/30/21. Amount: $1,371,825. action: Approved discussion: No Doc. No. C80B1600029 19-IT-OPT DIT Statewide .. Information Technology - Multiple-award, indefinite- quantity Master Contract to 48 awardees to provide desktops, laptops, tablets, rugged",1,1,1,1,1,1,1,1,
89,20260916,2021-06-16,21-IT 1.2,2021-Jun-16-Summary.pdf,27,EDUC,Statewide,"Serigor, Inc.",695985.0,2020-12-01..2021-12-31,award,Approved,"s, and (3.0) Hardware/Associated Equipment and Services 2012. Amount: $71,714,551. 1.1 (A). Cirdan Group EDUC Statewide 1.2 Serigor, Inc. The Maryland Direct Certification $695,985.00 System (MDCS) is a secure web- based solution hosted by the Maryland State Department of Education used by Local Educational Agencies (LEAs) to automate the certification of children who are members of households receiving assistance as eligible for free school meals. LEAs are reliant on the Direct Certification data outcomes to efficiently update their lunch point of sale (POS) systems in order to determine partial and full discoun",1,1,1,1,1,1,1,1,
90,20260916,2021-07-07,39-IT,2021-Jul-7-Summary.pdf,34,HCD,Statewide,"HAPPY Software, LLC an MRI Software, LLC Company",88366.0,2021-01-01..2024-12-31,award,Approved,"Agency 07-Jul-21 Item Institution County Vendor, Contractor, Grantee Description Page 34 of 42 39-IT HCD Statewide HAPPY Software, LLC an MRI Information Technology - RETROACTIVE - Affordable Software, LLC Company Housing Management Software - Retroactive approval to provide software licenses, maintenance, and support for the ongoing use of proprietary ""Section 8 System Suite"", which transmits household eligibility information including the amount of assistance and inspection status. Term: 1/1/21 - 12/31/24. Amount: $88,366. action: Approved discussion: No Doc. No. S00B1600102 40-IT DOT/MTA Statewide NEC Corporat",1,1,1,1,1,1,1,1,
91,20260916,2021-07-07,40-IT,2021-Jul-7-Summary.pdf,34,DOT/MTA,Statewide,NEC Corporation of America,970030.0,2020-07-01..2021-12-31,award,Approved,"e and inspection status. Term: 1/1/21 - 12/31/24. Amount: $88,366. action: Approved discussion: No Doc. No. S00B1600102 40-IT DOT/MTA Statewide NEC Corporation of America Information Technology - RETROACTIVE - MDOT MTA Telecommunications PBX (Phone System) Upgrades. Retroactive Term: 7/1/20 - 7/7/21, Proactive Term: 7/8/21 - 12/31/21. Retroactive Amount: $856,388, Proactive Amount: $113,642, Total Amount: $970,030. action: Approved discussion: No Doc. No. J05B1600015 41-IT DOT/MTA Statewide MS Technologies Corporation Information Technology - RETROACTIVE - Retroactive approval to provide maintenance, design, and ",1,1,1,1,1,1,1,1,
92,20260916,2021-07-07,48-IT-OPT,2021-Jul-7-Summary.pdf,37,DOHR/OTHS,Statewide,Microsoft Corporation,1160320.0,2021-08-01..2022-07-31,renewal,Approved,"Agency 07-Jul-21 Item Institution County Vendor, Contractor, Grantee Description Page 37 of 42 48-IT-OPT DOHR/OTHS Statewide Microsoft Corporation Information Technology Renewal Option - Automated Fiscal System - Exercise the first of two renewal options. Term: 8/1/21 - 7/31/22. Amount: $1,160,320. action: Approved discussion: No Doc. No. COJ18672 49-IT-MOD MDH Statewide Conduent State Healthcare LLC Information Technology Modification - Office of Pharmacy Services - Pharmacy Point-of-Sale Electronic Claims Management Services - RETROACTIVE approval to alter videos cost components of the contract. Retroactive Ter",1,1,1,1,1,1,1,1,
93,20260916,2021-07-07,51-IT,2021-Jul-7-Summary.pdf,37,DIT,Statewide,..,9984331.0,..,award,approved,"IT, 6/16/21). Term: 7/1/21 - 6/30/26. Amount: $0 (no change). REV action: Approved discussion: yes Doc. No. 001B1600418 51-IT DIT Statewide .. Information Technology - Award six task orders/purchase orders under previously approved master contracts. (1.0) Consulting and Technical Services Plus - CATS+; (2.0) Commercial Off-the-Shelf Software (COTS) 2012; and (3.0) Hardware/Associated Equipment & Services 2012. Amount: $9,984,331.",1,1,1,1,1,1,1,1,
94,20260916,2021-07-28,41-IT 1.4,2021-Jul-28-Summary.pdf,33,DIT,Various,"-- Angarai International, ANGARAI Creative Information Inc. Edward Industries d/b/a Performance Solutions Momentum, Inc. Navitas Business Inc. OST, Inc. vTech Solution, Inc.",100000000.0,2021-08-12..2024-08-11,award,Approved,"as: Licensing, Subsidy, Credentialing, Grants, Accounting, Quality Assurance, and Training. Term: 9/1/20 - 1/31/21. DIT 1.4 -- Delivery Project Management $100,000,000.00 Services - Provide a ""pool"" of qualified vendors engaged through work orders to support the planning and implementation of IT projects across state agencies, in three categories of service: Category 1: Program/Project Management Category 2: Business Analysis Category 3: Technical Writing Term: 8/12/21 - 8/11/24. 1.4-(A) Angarai International, Category 2 Inc. d/b/a ANGARAI 1.4-(B) Creative Information Category 1 Technology, Inc. 1.4-(C) Edward In",1,1,1,1,1,1,1,1,
95,20260916,2021-07-28,41-IT 4.1,2021-Jul-28-Summary.pdf,34,DOT/SHA,Various,"CAS Severn, Inc.",350000.0,2021-08-01..2022-07-31,award,Approved,"es, provide for new employees, and meet remote computing mission requirements. Term: Expected delivery: 8/30/21 DOT/SHA 4.1 CAS Severn Net App - The FAS 8300 Systems $350,000.00 will be used to replace SHA FAS 8060 Systems that will be approaching end of life at the Baltimore and Glen Burnie locations. Term: 8/1/21 - 7/31/22",1,1,1,1,1,1,1,1,
96,20260916,2021-08-11,29-IT-MOD,2021-Aug-11-Summary.pdf,27,DIT,Statewide,"NIC USA, Inc.",2250000.0,2021-09-03..2022-03-02,modification,Approved,"n Page 27 of 33 Modification - Term: 9/22/21 - $16,479,696.00 9/21/26 action: Approved discussion: No Doc. No. COJ18663 29-IT-MOD DIT Statewide NIC USA, Inc. Information Technology Modification - Maryland Self- Funded eGovernment Services, Operations and Maintenance - Extend term to allow for the time to procure a replacement contract. Term: 9/3/21 - 3/2/22. Amount: $2,250,000. REV action: Approved discussion: yes Doc. No. 060B0600016 30-IT-MOD MDL Statewide N-3 Technologies, Inc. Information Technology Modification - Division of Unemployment Insurance - Project Manager Services - Mission critical application for",1,1,1,1,1,1,1,1,
97,20260916,2021-09-01,42-IT,2021-Sept-1-Summary.pdf,31,HCD,Statewide,"Agate Software, Inc.",615360.0,2021-09-23..2024-04-30,award,Approved,"n: No Doc. No. COJ32056 41-S-MOD DGS N/A N/A THIS ITEM IS INTENTIONALLY BLANK. action: Approved discussion: No Doc. No. 42-IT HCD Statewide Agate Software, Inc. Information Technology - Data management software license and upgrades in support of DHCD’s community development and revitalization grant programs. Term: 9/23/21 - 4/30/24. Amount: $615,360. action: Approved discussion: No Doc. No. S00B1600108 43-IT DOT Statewide Iteris, Inc. Information Technology - Maintenance, support, hosting services, and licensing subscription for Commercial Vehicle Information Exchange Window (CVIEW) System. Term: 10/1/21 - 9/30/2",1,1,1,1,1,1,1,1,
98,20260916,2021-09-15,51-IT 3.2,2021-Sept-15-Summary.pdf,35,ELECTLAW,Statewide,DSR Inc.,4122995.0,..,award,approved with,"LDSC) at Tier Point in Baltimore, to expand capacity within the Data Center. Term: One Time Purchase ELECTLAW Statewide 3.2 DSR Purchase 7,660 pollbook printers $4,122,995.00 with ancillary supplies (batteries and cables) with a one year warranty to be used by local boards of elections and the State Board. Term: Deliveries must be made by 3/1/22 DOT/MTA Statewide 4.1 NEC Corporation of America Provide equipment and $372,256.00 maintenance services for Univerge communications servers (Private Branch Exchange phone systems), ISI call detail accounting (Trunk Watch), Interactive Voice Response (IVR), and peripheral ",1,1,1,1,1,1,1,0,action: 'approved with' - the completing word wraps onto its own line
99,20260916,2021-10-06,39-IT 4.1,2021-Oct-6-Summary.pdf,29,DOT/SHA,Prince George's,Leading Technology Inc. (LTS),301877.0,..,award,Approved,"logy - ELC Infrastructure Expansion of server resources at TierPoint. Term: 11/1/21 - 10/31/26. DOT/SHA Prince George's 4.1 Leading Technology Supply and install conduit and $301,877.00 Solutions, Inc. fiber optic cable to support phone and internet communications systems for emergency preparedness services (Off ramp at Water Street/MD717 and Pennsylvania Ave. east to Crain Hwy/US-301, Upper Marlboro), connect Maryland First Radio System, Network Maryland, and MDOT SHA shops to the MDOT Network. Term: 10/7/21 w/40- day job duration. Base Amount: $249,877 w/$52,000 contingency for rock drilling, if necessary. acti",1,1,1,1,1,1,1,1,
100,20260916,2021-11-03,31-IT 1.1,2021-Nov-3-Summary.pdf,23,DOT,Statewide,"SNAP, Inc.",530000.0,2022-01-01..2022-06-30,award,approved with revisions,".0) Commercial Off-the-Shelf Software (COTS) 2012, and (3.0) Desktop, Laptops and Tablets 2015. Amount: $5,598,842. DOT 1.1 SNAP, Inc. Mainframe Employee Information $530,000.00 System (EMIS) and Software Configuration Management (SCM) Support - Extend term six months with additional funding. Term: 1/1/22 - 6/30/22",1,1,1,1,1,1,1,1,
