year,meeting_date,url,filename,bytes,status,sha256
2016,2016-01-06,https://bpw.maryland.gov/MeetingDocs/2016-Jan-6-Summary.pdf,2016-Jan-6-Summary.pdf,145055,downloaded,7208747e7a28b2cba7d72dbd8aa3e5779aa171b9fa40c4c89a7f11998e520eb4
2016,2016-01-27,https://bpw.maryland.gov/MeetingDocs/2016-Jan-27-Summary.pdf,2016-Jan-27-Summary.pdf,159155,downloaded,16997a9cded4e7f06de45f2626730cd0d994b5900b2e4193e37831149d6218d0
2016,2016-02-10,https://bpw.maryland.gov/MeetingDocs/2016-Feb-10-Summary.pdf,2016-Feb-10-Summary.pdf,140018,downloaded,e8fc7eb824e59b83248e75f3bc20bdda1061dc3da9d5339898df5cc1a3a37a34
2016,2016-02-24,https://bpw.maryland.gov/MeetingDocs/2016-Feb-24-Summary.pdf,2016-Feb-24-Summary.pdf,230590,downloaded,0a10b696d4cb6c15b25426d885f1d9c99dcd56bacf2b5a0c8a45494af941e78d
2016,2016-03-09,https://bpw.maryland.gov/MeetingDocs/2016-Mar-9-Summary.pdf,2016-Mar-9-Summary.pdf,129912,downloaded,58b529b1c010b9fe554e0b9aad4be3b2fd21bbdbaeab5c1f9595428787fb41d7
2016,2016-03-23,https://bpw.maryland.gov/MeetingDocs/2016-Mar-23-Summary.pdf,2016-Mar-23-Summary.pdf,165962,downloaded,f88b4c78c2193f635f5d42adee310937abf2501e35914e34a506445fc3a4162a
2016,2016-04-06,https://bpw.maryland.gov/MeetingDocs/2016-Apr-6-Summary.pdf,2016-Apr-6-Summary.pdf,133963,downloaded,92835f336ab0760690f605b71b9c0d2aa5e293715767b21103a0079276739ab8
2016,2016-04-27,https://bpw.maryland.gov/MeetingDocs/2016-Apr-27-Summary.pdf,2016-Apr-27-Summary.pdf,160637,downloaded,596b54bbb29a6f55d7f8fcaa533d50005088a82277110e9360e1c3c498fe52a8
2016,2016-05-11,https://bpw.maryland.gov/MeetingDocs/2016-May-11-Summary.pdf,2016-May-11-Summary.pdf,262811,downloaded,e565eb073d32d48c8ee9e6f4208ed8d4e7281ed31c9090682389ce7873b108d0
2016,2016-05-25,https://bpw.maryland.gov/MeetingDocs/2016-May-25-Summary.pdf,2016-May-25-Summary.pdf,153060,downloaded,b999e326cd6b31d07f54028a8ce32b9045a9bf986b77e275b842e31c45686419
2016,2016-06-08,https://bpw.maryland.gov/MeetingDocs/2016-June-8-Summary.pdf,2016-June-8-Summary.pdf,190776,downloaded,39876c3e8a0f1a30c9a0f56a463670859fe682e88eb0b0dc6b3d2b1d23408ae5
2016,2016-06-22,https://bpw.maryland.gov/MeetingDocs/2016-Jun-22-Summary.pdf,2016-Jun-22-Summary.pdf,157033,downloaded,ce05b87c2018b9e35c1f928afc0a1fa4832c34053db381ae5da5fc8000600fc0
2016,2016-07-06,https://bpw.maryland.gov/MeetingDocs/2016-July-6-Summary.pdf,2016-July-6-Summary.pdf,153466,downloaded,3e89eb212b7199c37e039030aca925bef2cde8879584ff7c63f2dcf2cc5ef058
2016,2016-07-27,https://bpw.maryland.gov/MeetingDocs/2016-July-27-Summary.pdf,2016-July-27-Summary.pdf,181768,downloaded,8997b5702bf22d2653fb213943d76c0ddecfed6e100be29640d824091ea33545
2016,2016-08-17,https://bpw.maryland.gov/MeetingDocs/2016-Aug-17-Summary.pdf,2016-Aug-17-Summary.pdf,197980,downloaded,c1a103a316fd245e6d7b8bde422bbf18ac2adbc51e892a9300c4f16b63e7d82d
2016,2016-09-07,https://bpw.maryland.gov/MeetingDocs/2016-Sept-7-Summary.pdf,2016-Sept-7-Summary.pdf,209731,downloaded,1f7dc04ac285e217e8171ad1092491597846a91fbe284c1c63762454bd5a6b88
2016,2016-09-21,https://bpw.maryland.gov/MeetingDocs/2016-Sept-21-Summary.pdf,2016-Sept-21-Summary.pdf,154889,downloaded,0ec73a6356f7fbe13cb0a6d00024957dba776aacec93fbd7d0b6a26278003db8
2016,2016-10-05,https://bpw.maryland.gov/MeetingDocs/2016-Oct-5-Summary.pdf,2016-Oct-5-Summary.pdf,116576,downloaded,a2ec9a35fcf2099a9ca65c3f5fbd5e239109b7bbd22a11ceed011968ecae0d45
2016,2016-10-19,https://bpw.maryland.gov/MeetingDocs/2016-Oct-19-Summary.pdf,2016-Oct-19-Summary.pdf,145251,downloaded,43d29444dc3b58afc2c7d97f860f1817b77d82bfc9020b9f38bbfb0835c1a920
2016,2016-11-02,https://bpw.maryland.gov/MeetingDocs/2016-Nov-2-Summary.pdf,2016-Nov-2-Summary.pdf,119108,downloaded,c68d9207aa070c3575ab034d9e8dc8c0dea96a014e5680beb431df3fc3da2a70
2016,2016-11-16,https://bpw.maryland.gov/MeetingDocs/2016-Nov-16-Summary.pdf,2016-Nov-16-Summary.pdf,143049,downloaded,2c904709b7aca3e09d082471f8a431be885a1cf83121ed293e2f29aefbdf029f
2016,2016-12-07,https://bpw.maryland.gov/MeetingDocs/2016-Dec-7-Summary.pdf,2016-Dec-7-Summary.pdf,151740,downloaded,37781f9f6603f265877abc45178ac7ae611d719807ce39111431fe302a5d29f9
2016,2016-12-21,https://bpw.maryland.gov/MeetingDocs/2016-Dec-21-Summary.pdf,2016-Dec-21-Summary.pdf,130140,downloaded,246f1b8b0e236540f906d78edb22e8ed3afbad0df12e98527945343151ac736a
2017,2017-01-04,https://bpw.maryland.gov/MeetingDocs/2017-Jan-4-Summary.pdf,2017-Jan-4-Summary.pdf,133678,downloaded,798a5a41c1e4ad948ec866eb89a20dc59ee4c877cdbdb759ab55ebc121d8ad5a
2017,2017-01-25,https://bpw.maryland.gov/MeetingDocs/2017-Jan-25-Summary.pdf,2017-Jan-25-Summary.pdf,152129,downloaded,65253ef85b1553c152a049aa79098dc373e8417d91f1e7fa5ac43a3a188c7838
2017,2017-02-08,https://bpw.maryland.gov/MeetingDocs/2017-Feb-8-Summary.pdf,2017-Feb-8-Summary.pdf,157375,downloaded,7bfa95a280f91f4351405be6b9ae3ce923b3180aa816a58884cf2903c7591bab
2017,2017-02-22,https://bpw.maryland.gov/MeetingDocs/2017-Feb-22-Summary.pdf,2017-Feb-22-Summary.pdf,113674,downloaded,f4ca6b980b5a900e285c506fa5057ebd3bcf3aa1648b5b63bf2ec4fce83b0962
2017,2017-03-08,https://bpw.maryland.gov/MeetingDocs/2017-Mar-8-Summary.pdf,2017-Mar-8-Summary.pdf,137704,downloaded,a6070985db08c57291a531989db40ee1b31314a24acf80bee0a69b71b63e1c50
2017,2017-03-22,https://bpw.maryland.gov/MeetingDocs/2017-Mar-22-Summary.pdf,2017-Mar-22-Summary.pdf,128375,downloaded,b2d11828df1b0907303101c0e1efb3d82963504c029b3c4a502ef6cd7023de72
2017,2017-04-05,https://bpw.maryland.gov/MeetingDocs/2017-Apr-5-Summary.pdf,2017-Apr-5-Summary.pdf,133956,downloaded,1522393fe8e33a94224d614682749379eeb7ae5a071f9330f5938a432bc483e8
2017,2017-04-26,https://bpw.maryland.gov/MeetingDocs/2017-Apr-26-Summary.pdf,2017-Apr-26-Summary.pdf,170591,downloaded,7d4fb076f10e5671eea538e3fb990880a423e8d7fdac04e7fc76f1e68dceaef5
2017,2017-05-10,https://bpw.maryland.gov/MeetingDocs/2017-May-10-Summary.pdf,2017-May-10-Summary.pdf,136715,downloaded,b04fc6eac95eb3ad6408f8dfd9398d1470547d765fd2059f289123d9d7d73cd1
2017,2017-05-24,https://bpw.maryland.gov/MeetingDocs/2017-May-24-Summary.pdf,2017-May-24-Summary.pdf,136683,downloaded,191794fb8d12ef81ebb12a470354a3595bc0dfb0b4952f40986a38af479f9850
2017,2017-06-07,https://bpw.maryland.gov/MeetingDocs/2017-June-7-Summary.pdf,2017-June-7-Summary.pdf,173779,downloaded,6bb4b2f25d396023c3dcc2a79adaefad1b8fdff15b1a4ee30ddc621734da1616
2017,2017-06-21,https://bpw.maryland.gov/MeetingDocs/2017-June-21-Summary.pdf,2017-June-21-Summary.pdf,142871,downloaded,5257b59673bb3be5a852fa01c4212f5a8ef2ebf33eadf36a4cec409330cc8267
2017,2017-07-05,https://bpw.maryland.gov/MeetingDocs/2017-Jul-5-Summary.pdf,2017-Jul-5-Summary.pdf,113814,downloaded,b02805e0d3bec5eb7a15264c27438b0abf2e2e8d61d252ae314781ad02647fc2
2017,2017-07-26,https://bpw.maryland.gov/MeetingDocs/2017-July-26-Summary.pdf,2017-July-26-Summary.pdf,185531,downloaded,dc936a1ac5659e39a72068f5a1011110158b065c7cd54094faf92a923e3edabe
2017,2017-08-16,https://bpw.maryland.gov/MeetingDocs/2017-Aug-16-Summary.pdf,2017-Aug-16-Summary.pdf,174620,downloaded,7ae37a9b5ee3485ea33534e8f8677b393c290fe7ea56b9eb5ebf91185c0310bb
2017,2017-09-06,https://bpw.maryland.gov/MeetingDocs/2017-Sept-6-Summary.pdf,2017-Sept-6-Summary.pdf,150687,downloaded,af73d4740d4842c446b6b15b1386ebe6c32bb8c68d96fb91f2556c7aeaf0a6b6
2017,2017-09-20,https://bpw.maryland.gov/MeetingDocs/2017-Sept-20-Summary.pdf,2017-Sept-20-Summary.pdf,166377,downloaded,78fb5bbefa02f888b042198eaf66992262dbc5797c8795b42abdf26e05bcad80
2017,2017-10-04,https://bpw.maryland.gov/MeetingDocs/2017-Oct-4-Summary.pdf,2017-Oct-4-Summary.pdf,158930,downloaded,039d400cd7e9f1b7bf2e9bf6b5e9ecf578e61f535a75803f5a858178682c302a
2017,2017-10-18,https://bpw.maryland.gov/MeetingDocs/2017-Oct-18-Summary.pdf,2017-Oct-18-Summary.pdf,116849,downloaded,6da1f10879c0eecf765590e4e9e302ee88c8f5c3100c9dc3dc331f7f030aa643
2017,2017-11-01,https://bpw.maryland.gov/MeetingDocs/2017-Nov-1-Summary.pdf,2017-Nov-1-Summary.pdf,157084,downloaded,32ea8c54507035e8508101053b7b5e8005f66ab4ba8e094b8bf0adcd0aa6236b
2017,2017-11-15,https://bpw.maryland.gov/MeetingDocs/2017-Nov-15-Summary.pdf,2017-Nov-15-Summary.pdf,136324,downloaded,b60aa587690f520672dff5a91c166b46b51a9058994d3ef6d12c9c02e1cd0d8e
2017,2017-12-06,https://bpw.maryland.gov/MeetingDocs/2017-Dec-6-Summary.pdf,2017-Dec-6-Summary.pdf,162796,downloaded,8bea720b8ca460632bcb4e5c9730d5594674e75018896becee0158b48a660e60
2017,2017-12-20,https://bpw.maryland.gov/MeetingDocs/2017-Dec-20-Summary.pdf,2017-Dec-20-Summary.pdf,151768,downloaded,1fc52e332a006b78dd0a95aa59c1f37b244de83dc17e77653075533217acbfa4
2018,2018-01-03,https://bpw.maryland.gov/MeetingDocs/2018-Jan-3-Summary.pdf,2018-Jan-3-Summary.pdf,122084,downloaded,f802ff487cbe5022228e0f9a803cec3bc67703c6ca06b651e35254da2986f5ac
2018,2018-01-24,https://bpw.maryland.gov/MeetingDocs/2018-Jan-24-Summary.pdf,2018-Jan-24-Summary.pdf,162136,downloaded,0f76d4cc36453023bc73ca61bab1137d88da7b5cb736c5cc137803290e040994
2018,2018-02-07,https://bpw.maryland.gov/MeetingDocs/2018-Feb-7-Summary.pdf,2018-Feb-7-Summary.pdf,129491,downloaded,994f06b746b5038880f38e1f0c00d4f80a702f93d3ab8216bd71a5bbce9056ac
2018,2018-02-21,https://bpw.maryland.gov/MeetingDocs/2018-Feb-21-Summary.pdf,2018-Feb-21-Summary.pdf,123179,downloaded,84e8a06e85fbbcaaaaa900067ff9dc99c2f0d39c364ceccfdb9b1c12abf98137
2018,2018-03-07,https://bpw.maryland.gov/MeetingDocs/2018-March-7-Summary.pdf,2018-March-7-Summary.pdf,132756,downloaded,8243a0371217e63d585d079fb9f55496c12965f1fa40036335a1cf35c1bb1080
2018,2018-03-28,https://bpw.maryland.gov/MeetingDocs/2018-Mar-28-Summary.pdf,2018-Mar-28-Summary.pdf,142814,downloaded,fa5b6f09fe3d53fc964f65f168e1000de1174321a9335dc55dda8228a9d7a067
2018,2018-04-04,https://bpw.maryland.gov/MeetingDocs/2018-Apr-4-Summary.pdf,2018-Apr-4-Summary.pdf,114776,downloaded,396a8cd52a240c7692f42716229c94d0bd5e0e41f48c38c2998d63cd67d447fc
2018,2018-04-18,https://bpw.maryland.gov/MeetingDocs/2018-Apr-18-Summary.pdf,2018-Apr-18-Summary.pdf,141394,downloaded,3638513dc145970ebead3ec8c0bd533a057ce11837d50455a7133b93d1f6aeab
2018,2018-05-02,https://bpw.maryland.gov/MeetingDocs/2018-May-2-Summary.pdf,2018-May-2-Summary.pdf,195658,downloaded,1e9d788667540b484e6bfb63e40dbad36345c3503eb6d53d6ea9662939766518
2018,2018-05-16,https://bpw.maryland.gov/MeetingDocs/2018-May-16-Summary.pdf,2018-May-16-Summary.pdf,154735,downloaded,14af1d0082dcdc4037a25c7fa591ea9369c0fb32902d04dbda1c08ac59c52954
2018,2018-06-20,https://bpw.maryland.gov/MeetingDocs/2018-June-20-Summary.pdf,2018-June-20-Summary.pdf,256075,downloaded,b410a0351ebcb0b15acbc40770c29c34dfcf2dd8429c8a27b57f0ccfdee40c3a
2018,2018-07-19,https://bpw.maryland.gov/MeetingDocs/2018-July-19-Summary.pdf,2018-July-19-Summary.pdf,157433,downloaded,baabd9ef251f0db4478735ed2d12d0423b496d35dc2469a95d38412bec66d80a
2018,2018-08-01,https://bpw.maryland.gov/MeetingDocs/2018-Aug-1-Summary.pdf,2018-Aug-1-Summary.pdf,143188,downloaded,845fb9bf5e8d76c259c01042a7b11859cdd955f28625699ab576bc7375168ae9
2018,2018-08-22,https://bpw.maryland.gov/MeetingDocs/2018-Aug-22-Summary.pdf,2018-Aug-22-Summary.pdf,161835,downloaded,0688bc8ed8be66b45e69fb5b792b4c69f557c032f97e7fce27f729e58c5df0a6
2018,2018-09-05,https://bpw.maryland.gov/MeetingDocs/2018-Sept-5-Summary.pdf,2018-Sept-5-Summary.pdf,140610,downloaded,69592f42828cd2a53d84c5f38065df143bee51b0bd54788787f3d03231561df6
2018,2018-09-26,https://bpw.maryland.gov/MeetingDocs/2018-Sept-26-Summary.pdf,2018-Sept-26-Summary.pdf,142977,downloaded,6543a25ce79f799518ca4a953fb4b3f255aafe5d478140523ff91d5899eeff05
2018,2018-10-03,https://bpw.maryland.gov/MeetingDocs/2018-Oct-3-Summary.pdf,2018-Oct-3-Summary.pdf,112585,downloaded,6565755ffb95b71743c7e2c2f3ec206abc44fc879dd2918df9fa0d1381d41cc9
2018,2018-10-17,https://bpw.maryland.gov/MeetingDocs/2018-Oct-17-Summary.pdf,2018-Oct-17-Summary.pdf,136259,downloaded,cb211adfbdab7e62ca52f1f6d427e2a163555d482d067ab29c6c7129053eba51
2018,2018-10-31,https://bpw.maryland.gov/MeetingDocs/2018-Oct-31-Summary.pdf,2018-Oct-31-Summary.pdf,131968,downloaded,bc480d06c1e4aa88326ddf1538ba2ddafcad75390dc45f9b039dd250e77416c6
2018,2018-11-14,https://bpw.maryland.gov/MeetingDocs/2018-Nov-14-Summary.pdf,2018-Nov-14-Summary.pdf,154069,downloaded,6cb6c53602f1b57a09e464ed0ebdfca63a01a409356a02af5af0ce3bc774b67f
2018,2018-12-19,https://bpw.maryland.gov/MeetingDocs/2018-Dec-19-Summary.pdf,2018-Dec-19-Summary.pdf,213869,downloaded,eb20ca60b8959af1bb15295686618d59a2a5d6db2d0fbacd982a1d21603bf2f7
2019,2019-01-02,https://bpw.maryland.gov/MeetingDocs/2019-Jan-2-Summary.pdf,2019-Jan-2-Summary.pdf,119573,downloaded,e69a03a27e1fd7b04d68b48b29898f162126e52fe1556b779c1bca61a65b1514
2019,2019-01-23,https://bpw.maryland.gov/MeetingDocs/2019-Jan-23-Summary.pdf,2019-Jan-23-Summary.pdf,144589,downloaded,690503abb876bcfc457286a519109408d796f6149b38b56f4e013ef72cd79887
2019,2019-02-06,https://bpw.maryland.gov/MeetingDocs/2019-Feb-6-Summary.pdf,2019-Feb-6-Summary.pdf,131497,downloaded,54efef5f4dbefdc0de83bb199d7941a64c6141b3f148fa005bc6074fd9abcf7c
2019,2019-03-06,https://bpw.maryland.gov/MeetingDocs/2019-Mar-6-Summary.pdf,2019-Mar-6-Summary.pdf,169043,downloaded,e68749911c643a843c1fb3e3bd11bad728a749a4640e1463f7fdaa07d7b94443
2019,2019-03-20,https://bpw.maryland.gov/MeetingDocs/2019-Mar-20-Summary.pdf,2019-Mar-20-Summary.pdf,147370,downloaded,3e36ecb12518d200af5bd2634dc6fb5b2955b91a22fc9a45963c06868bf64a86
2019,2019-03-26,https://bpw.maryland.gov/MeetingDocs/2019-Mar-26-Summary.pdf,2019-Mar-26-Summary.pdf,75405,downloaded,2df04d0aadb8c745d3b25ae04a05b2413c899ade74b3f98bc8653ca35c0a146d
2019,2019-04-03,https://bpw.maryland.gov/MeetingDocs/2019-Apr-3-Summary.pdf,2019-Apr-3-Summary.pdf,137318,downloaded,d5173a13dd899d6f3d57b36bd36e15e14de68e09e0cfa904b3ad888cbbc5822f
2019,2019-04-24,https://bpw.maryland.gov/MeetingDocs/2019-Apr-24-Summary.pdf,2019-Apr-24-Summary.pdf,148884,downloaded,2cd77dd4ab2ee8da1077580634c259ea95f0ae72f5dc44dcdf04dcc422d851d8
2019,2019-05-08,https://bpw.maryland.gov/MeetingDocs/2019-May-8-Summary.pdf,2019-May-8-Summary.pdf,152782,downloaded,0edfe078f2cb7f35ac73228a44c28ac6dc8902e15e5c5f7f6952cb8b2badae51
2019,2019-05-22,https://bpw.maryland.gov/MeetingDocs/2019-May-22-Summary.pdf,2019-May-22-Summary.pdf,158729,downloaded,d9b526aca638ad31d46d5e9cc687dd8ecb518bf5b20dadc742b9cb1a989bb435
2019,2019-06-05,https://bpw.maryland.gov/MeetingDocs/2019-Jun-5-Summary.pdf,2019-Jun-5-Summary.pdf,175700,downloaded,c306e944376c3ab2c8645ee93ae67f0f9bb17d1843e9d05dc512950722ce7e18
2019,2019-06-19,https://bpw.maryland.gov/MeetingDocs/2019-Jun-19-Summary.pdf,2019-Jun-19-Summary.pdf,165033,downloaded,7ae952036e39f2f51c829789aaf888aeec2e2f72e22f0033a1ef4aa029ad85c1
2019,2019-07-03,https://bpw.maryland.gov/MeetingDocs/2019-Jul-3-Summary.pdf,2019-Jul-3-Summary.pdf,134829,downloaded,0e0c6acc0d023422772b866a11c4db20c13415a8b24ded462337914d89bda0e2
2019,2019-07-24,https://bpw.maryland.gov/MeetingDocs/2019-July-24-Summary.pdf,2019-July-24-Summary.pdf,195351,downloaded,aa9892f3e17330aad031b4eee6d78237e58178cc3bf43125176fec98cf34a7b5
2019,2019-08-14,https://bpw.maryland.gov/MeetingDocs/2019-Aug-14-Summary.pdf,2019-Aug-14-Summary.pdf,165112,downloaded,5771f27e7cac27d6a32947fd4cd34ca43060c2b092380e116b097da92a90ec0d
2019,2019-09-04,https://bpw.maryland.gov/MeetingDocs/2019-Sept-4-Summary.pdf,2019-Sept-4-Summary.pdf,169381,downloaded,2d08c2f81462e21a7c89136516e9da170e1ddc20278bf71006398868338dd0e2
2019,2019-09-18,https://bpw.maryland.gov/MeetingDocs/2019-Sept-18-Summary.pdf,2019-Sept-18-Summary.pdf,137771,downloaded,6cfebb00980310abe07f64d35912d33a1cdf69acc6e6d2278c4e31a93ae2a938
2019,2019-10-02,https://bpw.maryland.gov/MeetingDocs/2019-Oct-2-Summary.pdf,2019-Oct-2-Summary.pdf,127185,downloaded,4d74999450ec152d018bc34b027c9343f0abaca7c375e93afc00ab68bcfe99ff
2019,2019-10-16,https://bpw.maryland.gov/MeetingDocs/2019-Oct-16-Summary.pdf,2019-Oct-16-Summary.pdf,125315,downloaded,e8c63f0ae299aa8bc8997913914886d2a6025ad2a9da3012a6962c17d07baa46
2019,2019-10-30,https://bpw.maryland.gov/MeetingDocs/2019-Oct-30-Summary.pdf,2019-Oct-30-Summary.pdf,152718,downloaded,5dfa80034b815d05bc5aa27f26140e1820e4dc11a731cecc197fd9080bcbf9d1
2019,2019-11-20,https://bpw.maryland.gov/MeetingDocs/2019-Nov-20-Summary.pdf,2019-Nov-20-Summary.pdf,155235,downloaded,b4c565b57d1513c8e2379bc0918cb4a861befadfe122af8e1cf163e2da677db3
2019,2019-12-04,https://bpw.maryland.gov/MeetingDocs/2019-Dec-4-Summary.pdf,2019-Dec-4-Summary.pdf,142247,downloaded,d9401b35bd78afb15686c94fdba58bf9f9dfb5857327c7d1802dbc796d4c6278
2019,2019-12-18,https://bpw.maryland.gov/MeetingDocs/2019-Dec-18-Summary.pdf,2019-Dec-18-Summary.pdf,129857,downloaded,b796d2287f4eeee77e8b6316e116351f0954cc6206b630ee41ef8154a8d28ea5
2020,2020-01-08,https://bpw.maryland.gov/MeetingDocs/2020-Jan-8-Summary.pdf,2020-Jan-8-Summary.pdf,201217,downloaded,f7ee8992912d66692843f21edc71cf6d35c9655a615e10d01738c4e766fe708b
2020,2020-01-29,https://bpw.maryland.gov/MeetingDocs/2020-Jan-29-Summary.pdf,2020-Jan-29-Summary.pdf,152839,downloaded,f1972a5826ac6d46b0a0e7e8f801fe993033d9802a3dd7632ed68a55c2649426
2020,2020-02-19,https://2019-bpw.maryland.gov/MeetingDocs/2020-Feb-19-Summary.pdf,2020-Feb-19-Summary.pdf,0,error,8ea6dcd03742dfa9b04b0c1ce7eec7ba19c6165e0659ed33a6999d051d89455f
2020,2020-03-04,https://bpw.maryland.gov/MeetingDocs/2020-Mar-4-Summary.pdf,2020-Mar-4-Summary.pdf,118856,downloaded,5eaa106620106d263a5953aa2bca14704120f27033d7df4f253824b4383eaf1d
2020,2020-03-18,https://bpw.maryland.gov/MeetingDocs/2020-Mar-18-Summary.pdf,2020-Mar-18-Summary.pdf,136267,downloaded,e30ad22def958a8838870c9a8e370a33752116f513f4631d5396c25285733953
2020,2020-04-01,https://bpw.maryland.gov/MeetingDocs/2020-Apr-01-Summary.pdf,2020-Apr-01-Summary.pdf,146226,downloaded,b292d6665863fa3ea091ace027637cf3b3f321c1f6ebdc664930f1f2e9ceefcb
2020,2020-04-22,https://bpw.maryland.gov/MeetingDocs/2020-Apr-22-Summary.pdf,2020-Apr-22-Summary.pdf,145772,downloaded,751427a2a8adb68a27b769d70e03578755c4f16a4a780b2bc3043a62c9237caf
2020,2020-05-06,https://bpw.maryland.gov/MeetingDocs/2020-May-06-Summary.pdf,2020-May-06-Summary.pdf,120078,downloaded,945fa3a3fe193fa09e18e2801dfbe1337764f60242df0b2fd5d3846557fbb9ee
2020,2020-05-20,https://bpw.maryland.gov/MeetingDocs/2020-May-20-Summary.pdf,2020-May-20-Summary.pdf,157753,downloaded,2fd94bd3901f39498a71a6a5a4175d44e66a7fa6f4131292532b88c0ad16cd5c
2020,2020-06-03,https://bpw.maryland.gov/MeetingDocs/2020-June-03-Summary.pdf,2020-June-03-Summary.pdf,166050,downloaded,0e9570b754c7282b6bcd7bc61ca600e308d03f93f969cb1e2ecb6fd6765b0f59
2020,2020-06-17,https://bpw.maryland.gov/MeetingDocs/2020-Jun-17-Summary.pdf,2020-Jun-17-Summary.pdf,207332,downloaded,7bd7bb293da64a3437f6f67e58c92b69f954bd9e5340a75dc5367b04e7c3d2eb
2020,2020-07-01,https://bpw.maryland.gov/MeetingDocs/2020-Jul-01-Summary.pdf,2020-Jul-01-Summary.pdf,175940,downloaded,f59fb1097d57e84522c4cf7586ec10c44f65d31d9319524a563a8322390b648f
2020,2020-07-22,https://bpw.maryland.gov/MeetingDocs/2020-Jul-22-Summary.pdf,2020-Jul-22-Summary.pdf,178122,downloaded,da3bdabf602ca56c21921c9e7bd026fbe7eb7695890332574a8b5cd9a84b75c7
2020,2020-08-12,https://bpw.maryland.gov/MeetingDocs/2020-Aug-12-Summary.pdf,2020-Aug-12-Summary.pdf,214245,downloaded,031b305b1d0f2417fc6598997d55571c41dde27e018947250e7a686f4ae8d8a6
2020,2020-09-02,https://bpw.maryland.gov/MeetingDocs/2020-Sept-02-Summary.pdf,2020-Sept-02-Summary.pdf,200428,downloaded,558f1bd10bccd5dd9905f325ded5b0cc3c0dd2abaf8416bbb5db6b19d5b93f08
2020,2020-09-23,https://bpw.maryland.gov/MeetingDocs/2020-Sept-23-Summary.pdf,2020-Sept-23-Summary.pdf,172769,downloaded,ae80ae9aac713c77589c30d381e0c8a8d2dbfb0390618200c97a9ef8e5602f08
2020,2020-10-07,https://bpw.maryland.gov/MeetingDocs/2020-Oct-7-Summary.pdf,2020-Oct-7-Summary.pdf,142004,downloaded,0260bce9a0612a83a4b3e77dd923de7f437f7eacc0ab6323bdac5b4f78f0b36d
2020,2020-10-21,https://bpw.maryland.gov/MeetingDocs/2020-Oct-21-Summary.pdf,2020-Oct-21-Summary.pdf,173842,downloaded,d8648d744a366fe667be797f7d62bf2ad94b65920bd509312de89283f9eb9e4c
2020,2020-11-04,https://bpw.maryland.gov/MeetingDocs/2020-Nov-4-Summary.pdf,2020-Nov-4-Summary.pdf,151863,downloaded,4f9ad28234acc326072664dfc42f9bd46794a9f402227c15cb9b8899faf068b0
2020,2020-11-18,https://bpw.maryland.gov/MeetingDocs/2020-Nov-18-Summary.pdf,2020-Nov-18-Summary.pdf,203360,downloaded,943844c14e01b24707420b176b3a436765bb9abd7ffaf0159b05973c4f1752da
2020,2020-12-02,https://bpw.maryland.gov/MeetingDocs/2020-Dec-02-Summary.pdf,2020-Dec-02-Summary.pdf,201569,downloaded,6a91e8b7a2736244390e6c33bf55fbf4b513310d161aec663c1cfe0c7fdcdfe3
2020,2020-12-16,https://bpw.maryland.gov/MeetingDocs/2020-Dec-16-Summary.pdf,2020-Dec-16-Summary.pdf,185165,downloaded,d7ab3488e3eab0c8f54cd83d481f83e3162eb3ef122449e3890c9fc8a7df9663
2021,2021-01-06,https://bpw.maryland.gov/MeetingDocs/2021-Jan-6-Summary.pdf,2021-Jan-6-Summary.pdf,184793,downloaded,8e5b59a8f9058528d82b7ebacf71810991a9feab375bc6f85770d1feb682f7d7
2021,2021-01-27,https://bpw.maryland.gov/MeetingDocs/2021-Jan-27-Summary.pdf,2021-Jan-27-Summary.pdf,177644,downloaded,16579271ee7f77b9685f1fe273b8b22d533e1c6fffcf09033700638422b680b8
2021,2021-02-10,https://bpw.maryland.gov/MeetingDocs/2021-Feb-10-Summary.pdf,2021-Feb-10-Summary.pdf,171153,downloaded,c4bf037e37ab34bf325b2ef4f0507059d9af1b850de8c6904f54bbbc07858620
2021,2021-02-24,https://bpw.maryland.gov/MeetingDocs/2021-Feb-24-Summary.pdf,2021-Feb-24-Summary.pdf,169173,downloaded,9a8884a3fcd3dcb0ef15998df0620e855df863b31f2874b263efd369dfd4960b
2021,2021-03-10,https://bpw.maryland.gov/MeetingDocs/2021-Mar-10-Summary.pdf,2021-Mar-10-Summary.pdf,150792,downloaded,4a28084683716337dfb1d081dc9d73ce7fcdf1b7819b935fe5b93e14d702492a
2021,2021-03-24,https://bpw.maryland.gov/MeetingDocs/2021-Mar-24-Summary.pdf,2021-Mar-24-Summary.pdf,172801,downloaded,43fe725c90ef35d931458ee098c80ba23355a410962bc0d7e2a40c402a96749a
2021,2021-04-07,https://bpw.maryland.gov/MeetingDocs/2021-APR-7-Summary.pdf,2021-APR-7-Summary.pdf,157776,downloaded,665d6ed8ec9d1ddf4e5f7e10300cc0338d9ec3de7c47129745b7e4e47e25c5db
2021,2021-04-21,https://bpw.maryland.gov/MeetingDocs/2021-APR-21-Summary.pdf,2021-APR-21-Summary.pdf,185894,downloaded,3767672a98f5583265af3871289a8c75ad861b0770d1a79a419cf45dc2021f09
2021,2021-05-05,https://bpw.maryland.gov/MeetingDocs/2021-May-5-Summary.pdf,2021-May-5-Summary.pdf,189892,downloaded,6b6c9e35fd055d3cd7c7c2e61a40a368cd079b54c2f963f3a790f36f370571c9
2021,2021-05-19,https://bpw.maryland.gov/MeetingDocs/2021-May-19-Summary.pdf,2021-May-19-Summary.pdf,250161,downloaded,ee95667693245a0fc08a9b3abaf076c7183a3849b45b40b5120cb658dde4668a
2021,2021-06-02,https://bpw.maryland.gov/MeetingDocs/2021-Jun-02-Summary.pdf,2021-Jun-02-Summary.pdf,194142,downloaded,9bdcf053e45d2ab8685ae02b49ae30fcff87f949ce4a0f2858567b7be5a44e2e
2021,2021-06-16,https://bpw.maryland.gov/MeetingDocs/2021-Jun-16-Summary.pdf,2021-Jun-16-Summary.pdf,254572,downloaded,d66093c9c6a88a2260b53bc25d1b5a0008f25b427251c8f15fa30260407f6996
2021,2021-07-07,https://bpw.maryland.gov/MeetingDocs/2021-Jul-7-Summary.pdf,2021-Jul-7-Summary.pdf,286839,downloaded,20c627f0e3ddf6cb19db1b5d8e27401dc2a6a159ed9a8f7f7c501c6c7d309ad0
2021,2021-07-28,https://bpw.maryland.gov/MeetingDocs/2021-Jul-28-Summary.pdf,2021-Jul-28-Summary.pdf,272365,downloaded,041cdebbd20158415809e63d19d6a9ad0e7b5026d0cdb7e064c786ad7c6b7ace
2021,2021-08-11,https://bpw.maryland.gov/MeetingDocs/2021-Aug-11-Summary.pdf,2021-Aug-11-Summary.pdf,195953,downloaded,b6a5a40873c7d6e90f0236541099e4ed2ae86ca521c4e9accca769b9edaeca23
2021,2021-09-01,https://bpw.maryland.gov/MeetingDocs/2021-Sept-1-Summary.pdf,2021-Sept-1-Summary.pdf,273240,downloaded,e761a5146b54396f900acc00ea41f4fb56eeb175ba92a18211c363cadc83d5d1
2021,2021-09-15,https://bpw.maryland.gov/MeetingDocs/2021-Sept-15-Summary.pdf,2021-Sept-15-Summary.pdf,282180,downloaded,9807ff39c7d32b70d83a434dbddd0cfe9d10ad89bff067a90239370ac53879e8
2021,2021-10-06,https://bpw.maryland.gov/MeetingDocs/2021-Oct-6-Summary.pdf,2021-Oct-6-Summary.pdf,256196,downloaded,08c4e18b00e8f8507e6078baf8d7e0710da2db9bb2494847cbe9af6ecbb454d0
2021,2021-10-20,https://bpw.maryland.gov/MeetingDocs/2021-Oct-20-Summary.pdf,2021-Oct-20-Summary.pdf,249697,downloaded,69ead735f07e9f34013c370824338a948df51365304650a51b8aaffa82eaad61
2021,2021-11-03,https://bpw.maryland.gov/MeetingDocs/2021-Nov-3-Summary.pdf,2021-Nov-3-Summary.pdf,237203,downloaded,f89a546d3ba158a9506e3edc367e75681bca34f5648594f37906bf31973a04d5
2022,2022-03-09,https://bpw.maryland.gov/MeetingDocs/2022-Mar-9-Summary.pdf,2022-Mar-9-Summary.pdf,255131,downloaded,3596aada52e2df333be26e8f931790840d14a6b57e61304263b334605d791acc
2022,2022-03-23,https://bpw.maryland.gov/MeetingDocs/2022-Mar-23-Summary.pdf,2022-Mar-23-Summary.pdf,258354,downloaded,2a135e98be4c14fd8c8e6dd459e9b80b8c33f83398409fe2e9fd6fc9839546dd
2022,2022-04-06,https://bpw.maryland.gov/MeetingDocs/2022-Apr-6-Summary.pdf,2022-Apr-6-Summary.pdf,232491,downloaded,36a80fe09867b236d4f2dee424b4fac2c112a1d3549614e6d80cd3fd8067cc69
2022,2022-04-27,https://bpw.maryland.gov/MeetingDocs/2022-Apr-27-Summary.pdf,2022-Apr-27-Summary.pdf,292702,downloaded,1d873f8bc994265846d9e9d4538a55c5bf59bd76c57241ca0b9380e1fdf26db2
2022,2022-05-11,https://bpw.maryland.gov/MeetingDocs/2022-May-11-Summary.pdf,2022-May-11-Summary.pdf,264937,downloaded,b50e67d6479e82974c6d954000f0de99845a6060719b925a8979969981eb94c9
2022,2022-06-08,https://bpw.maryland.gov/MeetingDocs/2022-Jun-8-Summary.pdf,2022-Jun-8-Summary.pdf,333858,downloaded,963dec99bbcf982ded281cdce6612c6dfc823052d1b5830fad87135455250a75
2022,2022-06-22,https://bpw.maryland.gov/MeetingDocs/2022-Jun-22-Summary.pdf,2022-Jun-22-Summary.pdf,269323,downloaded,338be464cb16f640c0509ed78cd29a6f6057ceee776e0f17fc64357396354824
2022,2022-07-06,https://bpw.maryland.gov/MeetingDocs/2022-Jul-6-Summary.pdf,2022-Jul-6-Summary.pdf,230951,downloaded,43528d21076a66383e14cc63efeab971a68512cc77802ddb95c1f074b208345a
2022,2022-07-27,https://bpw.maryland.gov/MeetingDocs/2022-Jul-27-Summary.pdf,2022-Jul-27-Summary.pdf,256931,downloaded,8bbc23bb36781cb498c7535fb01edbe1e5c157cbb798c12f7577e7204f766bd3
2022,2022-08-10,https://bpw.maryland.gov/MeetingDocs/2022-Aug-10-Summary.pdf,2022-Aug-10-Summary.pdf,250823,downloaded,95562685252453d5b0cd84c4401d1104a51b30b42406eee5dbd14f90f7aceb98
2022,2022-08-31,https://bpw.maryland.gov/MeetingDocs/2022-Aug-31-Summary.pdf,2022-Aug-31-Summary.pdf,274526,downloaded,d25754bba4e5753169aa41833e8fe6b1725117dc30d1ac218b8dad13e9f100ba
2022,2022-09-14,https://bpw.maryland.gov/MeetingDocs/2022-Sep-14-Summary.pdf,2022-Sep-14-Summary.pdf,252025,downloaded,4bb380b59a926cb6bfd1ef7a129a10f28cc4c16e10f48d44bc6c9dc4d88a5946
2022,2022-10-12,https://bpw.maryland.gov/MeetingDocs/2022-Oct-12-Summary.pdf,2022-Oct-12-Summary.pdf,297377,downloaded,626b4649068f763418ab08561931c7c7164bb8ecec7e90e22afef770238709d2
2022,2022-10-26,https://bpw.maryland.gov/MeetingDocs/2022-Oct-26-Summary.pdf,2022-Oct-26-Summary.pdf,260875,downloaded,ceddc551bebd3de62f9b31792ce3181d4f6b21ab87ab84e94c0f896aeb6b5a81
2022,2022-11-16,https://bpw.maryland.gov/MeetingDocs/2022-Nov-16-Summary.pdf,2022-Nov-16-Summary.pdf,306629,downloaded,e06d1323d57619b3bba98998a9ced6866eb691d64543b56b1da992f95335d8f3
2022,2022-12-07,https://bpw.maryland.gov/MeetingDocs/2022-Dec-7-Summary.pdf,2022-Dec-7-Summary.pdf,282618,downloaded,ab904bb6c3c0a30d8f4520340166818411a6b4ca1cc6be227d203a66f23d52cf
2022,2022-12-21,https://bpw.maryland.gov/MeetingDocs/2022-Dec-21-Summary.pdf,2022-Dec-21-Summary.pdf,211717,downloaded,5cb046265e8a557d1dd6245f0e0d1f842c8c5a73b6b09457ce7139db52e81e2b
2023,2023-01-04,https://bpw.maryland.gov/MeetingDocs/2023-Jan-4-Summary.pdf,2023-Jan-4-Summary.pdf,211128,downloaded,5fd561113373af723101de3eca2c5c5c7fb65b1aeeba657a9b041a9e1b52bbec
2023,2023-01-25,https://bpw.maryland.gov/MeetingDocs/2023-Jan-25-Summary.pdf,2023-Jan-25-Summary.pdf,241301,downloaded,80f840c6d5b42efe6515471680bc79e14845c9e81cd10e61f366ae46582f9611
2023,2023-02-15,https://bpw.maryland.gov/MeetingDocs/2023-Feb-15-Summary.pdf,2023-Feb-15-Summary.pdf,243163,downloaded,0831ecf7fb9a594d09f629db8e84f9d4a55b5551dcbd0a30627fec2e011a851d
2023,2023-03-01,https://bpw.maryland.gov/MeetingDocs/2023-Mar-01-Summary.pdf,2023-Mar-01-Summary.pdf,230582,downloaded,5f6a31a830cc2b788589b2d6d56b0f4dd120a85889fde6f8c9386e29ade8a11b
2023,2023-03-15,https://bpw.maryland.gov/MeetingDocs/2023-Mar-15-Summary.pdf,2023-Mar-15-Summary.pdf,237764,downloaded,a48a2a1ff70861e59d05a1b6e8643abdaa8c0cab30f55bd601a286d46c09f913
2023,2023-04-05,https://bpw.maryland.gov/MeetingDocs/2023-Apr-5-Summary.pdf,2023-Apr-5-Summary.pdf,258462,downloaded,1abba10b36ee2dd7473a95605ef5379d98048c4be4d5d410c75a40e93b9573c2
2023,2023-04-19,https://bpw.maryland.gov/MeetingDocs/2023-Apr-19-Summary.pdf,2023-Apr-19-Summary.pdf,250731,downloaded,c91880e714f6596114b19ebed15393ab54203a4c5c8fae419298c972f5671e64
2023,2023-05-03,https://bpw.maryland.gov/MeetingDocs/2023-May-3-Summary.pdf,2023-May-3-Summary.pdf,236464,downloaded,c15986bd7a65c352b1e115ac0dfc0cdd8a2bb946bd1e0debf49a4dad96ddd733
2023,2023-05-17,https://bpw.maryland.gov/MeetingDocs/2023-May-17-Summary.pdf,2023-May-17-Summary.pdf,251983,downloaded,61cf5f45cf6eacd9aec5a59863fabc17567586bf1b4441fd4ece8e7e6f6b3b62
2023,2023-06-07,https://bpw.maryland.gov/MeetingDocs/2023-Jun-7-Summary.pdf,2023-Jun-7-Summary.pdf,318472,downloaded,5aa7d41da0b2203e8802478714ca4725bab45f40524c4c1fd6e0066085695086
2023,2023-06-21,https://bpw.maryland.gov/MeetingDocs/2023-Jun-21-Summary.pdf,2023-Jun-21-Summary.pdf,265226,downloaded,961f7106d135f846aa2335710f6bbdbdb00f1528b74cb4e211f0721940c4ee83
2023,2023-07-05,https://bpw.maryland.gov/MeetingDocs/2023-Jul-5-Summary.pdf,2023-Jul-5-Summary.pdf,245823,downloaded,24e0e4f9152ac91947098f8ffe632174d47dccbd11ad310c62e098a5d8bdc69d
2023,2023-07-19,https://bpw.maryland.gov/MeetingDocs/2023-Jul-19-Summary.pdf,2023-Jul-19-Summary.pdf,231745,downloaded,6ce7a8a9c37e0cd7913c420aa217711119786bce5e7bbbb3311202622b7deceb
2023,2023-08-02,https://bpw.maryland.gov/MeetingDocs/2023-Aug-2-Summary.pdf,2023-Aug-2-Summary.pdf,214181,downloaded,ba25902a38b1567e05081590455dc77e6ec0f2178d67d5d53df909c5ea88abda
2023,2023-08-23,https://bpw.maryland.gov/MeetingDocs/2023-Aug-23-Summary.pdf,2023-Aug-23-Summary.pdf,257726,downloaded,3d495e05742649a072efb88072a6de61ea187932e61a596b0f85f2c02d6c559b
2023,2023-09-06,https://bpw.maryland.gov/MeetingDocs/2023-Sep-6-Summary.pdf,2023-Sep-6-Summary.pdf,236545,downloaded,f2851b7106247fa9456f5533485130d4170c743c3551acdab14325ee4ebe479b
2023,2023-09-20,https://bpw.maryland.gov/MeetingDocs/2023-Sep-20-Summary.pdf,2023-Sep-20-Summary.pdf,245355,downloaded,6c06d50410a5c1207e26207d36a88283e6e8ab57231ad24958ac17df3ad48e98
2023,2023-10-04,https://bpw.maryland.gov/MeetingDocs/2023-Oct-4-Summary.pdf,2023-Oct-4-Summary.pdf,250448,downloaded,9060babd2572371f71d636e51fa57809fbcd85d629b12aa36ab36afea3be4119
2023,2023-10-25,https://bpw.maryland.gov/MeetingDocs/2023-Oct-25-Summary.pdf,2023-Oct-25-Summary.pdf,267009,downloaded,9e5d8d7a1f409dc8a4b6a76b47bda47680554c9dc0ee55d2070c0bf67771baa4
2023,2023-11-08,https://bpw.maryland.gov/MeetingDocs/2023-Nov-8-Summary.pdf,2023-Nov-8-Summary.pdf,221102,downloaded,a67639f5207e9d150e65a36012b987ca4d94da03b3332d46e2cc7acd8c0b9f68
2023,2023-11-29,https://bpw.maryland.gov/MeetingDocs/2023-Nov-29-Summary.pdf,2023-Nov-29-Summary.pdf,237877,downloaded,b26ea56955cb37fd8eb55744c1a8362d4bf74688770cf630534c2dab37775c14
2023,2023-12-13,https://bpw.maryland.gov/MeetingDocs/2023-Dec-13-Summary.pdf,2023-Dec-13-Summary.pdf,307044,downloaded,d14b24fc4af0e00dbcd243406b5ecca5f8f43b6df6523a3c66f1783c566219ca
2023,2023-12-18,https://bpw.maryland.gov/MeetingDocs/2023-Dec-18-Summary.pdf,2023-Dec-18-Summary.pdf,132933,downloaded,32f4aa4485a081fb758b0d4d29f72e07592097f82855daf22d95643061e0965e
2024,2024-01-03,https://bpw.maryland.gov/MeetingDocs/2024-Jan-3-Summary.pdf,2024-Jan-3-Summary.pdf,268354,downloaded,3b98e9270f1572e04cb047becb44c7636524d8a240b7b5cb171f3495ca786753
2024,2024-01-17,https://bpw.maryland.gov/MeetingDocs/2024-Jan-17-Summary.pdf,2024-Jan-17-Summary.pdf,157017,downloaded,8cf00f0f6706f521d795f3743e58f2832bf55cef60041d9f75e45e732097705a
2024,2024-01-31,https://bpw.maryland.gov/MeetingDocs/2024-Jan-31-Summary.pdf,2024-Jan-31-Summary.pdf,227235,downloaded,f8a1695790a084d4fae3d28925e97c4fde72d0f205a29e0d51081423c8b486f4
2024,2024-02-14,https://bpw.maryland.gov/MeetingDocs/2024-Feb-14-Summary.pdf,2024-Feb-14-Summary.pdf,214784,downloaded,cd8e2c8a97766b7b13463ab0df1242708b7f2a910017d488f01d2b0082f87a08
2024,2024-02-28,https://bpw.maryland.gov/MeetingDocs/2024-Feb-28-Summary.pdf,2024-Feb-28-Summary.pdf,167387,downloaded,252ad02345a2a57249d4400d60e9884573cafd44952566a00f65128fcf4ee978
2024,2024-03-13,https://bpw.maryland.gov/MeetingDocs/2024-Mar-13-Summary.pdf,2024-Mar-13-Summary.pdf,187205,downloaded,e060b4b9cf08a08421e61cabd8e7cb125e3bb4a99a06c2409432ef1b7cef321c
2024,2024-04-03,https://bpw.maryland.gov/MeetingDocs/2024-Apr-3-Summary.pdf,2024-Apr-3-Summary.pdf,247877,downloaded,91141f8c243d2f85e98b33194b821a999f85402d796b6de1c46dd704169d33ad
2024,2024-05-01,https://bpw.maryland.gov/MeetingDocs/2024-May-1-Summary.pdf,2024-May-1-Summary.pdf,155030,downloaded,d3aa96107323d790b695f704c2cb9209589a6ef9e0897440c0b6e63e940f7b21
2024,2024-05-15,https://bpw.maryland.gov/MeetingDocs/2024-May-15-Summary.pdf,2024-May-15-Summary.pdf,191312,downloaded,c8851e2fe93ca4635d5de30dc05137f678c51b19fbb30aa92b499ce6d66262a4
2024,2024-06-05,https://bpw.maryland.gov/MeetingDocs/2024-Jun-5-Summary.pdf,2024-Jun-5-Summary.pdf,266750,downloaded,044705b8061eeffbc773c898315a31f2f1902f068e0a2cdabbc599ee1f780763
2024,2024-07-03,https://bpw.maryland.gov/MeetingDocs/2024-Jul-3-Summary.pdf,2024-Jul-3-Summary.pdf,294248,downloaded,7cd959f7c1631f64a8c435f81eff6db81e640a1c3c506a916f3c38332fe81c9c
2024,2024-07-17,https://bpw.maryland.gov/MeetingDocs/2024-Jul-17-Summary.pdf,2024-Jul-17-Summary.pdf,189344,downloaded,0e8e1cb3775c41a4de93bbab26ae3ce7ef64dfe30bb9671adc2f7f9f85b26463
2024,2024-08-07,https://bpw.maryland.gov/MeetingDocs/2024-Aug-7-Summary.pdf,2024-Aug-7-Summary.pdf,280392,downloaded,9f8fce4e76586e2de22f77db77fa9f3ed91852e4dedc04d88a01667d70c8c762
2024,2024-08-28,https://bpw.maryland.gov/MeetingDocs/2024-Aug-28-Summary.pdf,2024-Aug-28-Summary.pdf,275575,downloaded,687c1b0396e462be52258f088742485a5f405b86d0c5f081554f44abdc913546
2024,2024-09-11,https://bpw.maryland.gov/MeetingDocs/2024-Sep-11-Summary.pdf,2024-Sep-11-Summary.pdf,254109,downloaded,f80112a66ba7ee6a99123a4b3bace6a3af0fe43795f6b7c0e14ad4c2e53a2d25
2024,2024-10-02,https://bpw.maryland.gov/MeetingDocs/2024-Oct-2-Summary.pdf,2024-Oct-2-Summary.pdf,179534,downloaded,a5d14e091cc4a94e1bf7a554f508413fe09648e0656c73cb3b5e7e172ba16ba4
2024,2024-10-16,https://bpw.maryland.gov/MeetingDocs/2024-Oct-16-Summary.pdf,2024-Oct-16-Summary.pdf,163375,downloaded,ba1c400f94afbb8b625404e34d5aa07dae6df2d3b907f5bf2be39005095443c1
2024,2024-10-30,https://bpw.maryland.gov/MeetingDocs/2024-Oct-30-Summary.pdf,2024-Oct-30-Summary.pdf,245955,downloaded,25872166a78396f8fc8455c60a37606717007c6ef59309c47f4ed3fa2970abf0
2024,2024-11-20,https://bpw.maryland.gov/MeetingDocs/2024-Nov-20-Summary.pdf,2024-Nov-20-Summary.pdf,243351,downloaded,a7b3f7e3bc0c3543a7b289d6ad8f10384c3bc95910ad680bc30048e3355099dc
2024,2024-12-04,https://bpw.maryland.gov/MeetingDocs/2024-Dec-4-Summary.pdf,2024-Dec-4-Summary.pdf,157910,downloaded,f5a47936534cf97f3e1301d3182d4d803b65b87601899f529510c32bea8cd416
2024,2024-12-18,https://bpw.maryland.gov/MeetingDocs/2024-Dec-18-Summary.pdf,2024-Dec-18-Summary.pdf,299373,downloaded,4660828c1ff4ddeb2fc9293cf96f05ea6dbab54e9b943aab7b71c9257e6b7251
2025,2025-01-08,https://bpw.maryland.gov/MeetingDocs/2025-Jan-8-Summary.pdf,2025-Jan-8-Summary.pdf,242620,downloaded,33176e8314badd0153e4f3acdb9b6ac4ab0769d4f164c9e23b9cd057ead131d3
2025,2025-01-29,https://bpw.maryland.gov/MeetingDocs/2025-Jan-29-Summary.pdf,2025-Jan-29-Summary.pdf,233251,downloaded,eb95d701880cfa15e74efbb531dc76e8cdd6d1064f4c544c0cfa9f81e405a82c
2025,2025-02-12,https://bpw.maryland.gov/MeetingDocs/2025-Feb-12-Summary.pdf,2025-Feb-12-Summary.pdf,175031,downloaded,c174a02c7869a12fc70348bdc6068f8bc900cfeb0a8e42b8c42240237bd7e286
2025,2025-02-26,https://bpw.maryland.gov/MeetingDocs/2025-Feb-26-Summary.pdf,2025-Feb-26-Summary.pdf,171475,downloaded,e389d5b3320eeff61c10aeda8f165e6a2db18202c0da73a56438c9aeaf84175d
2025,2025-03-19,https://bpw.maryland.gov/MeetingDocs/2025-Mar-19-Summary.pdf,2025-Mar-19-Summary.pdf,285244,downloaded,cfaa8590e1c72c0f426b49a3b5caa2ad1d4b80ee060af05f1372e0069ea80019
2025,2025-04-02,https://bpw.maryland.gov/MeetingDocs/2025-Apr-2-Summary.pdf,2025-Apr-2-Summary.pdf,169646,downloaded,4c476f46226bd458b8300f4f6d54c3b4afb21a0b9b8de29213ad32f5b3614d7f
2025,2025-04-23,https://bpw.maryland.gov/MeetingDocs/2025-Apr-23-Summary.pdf,2025-Apr-23-Summary.pdf,199348,downloaded,7cd61dbfafae9920cab87d7caafff88faceed95bb8694da57e2544b6eeed2fdb
2025,2025-05-07,https://bpw.maryland.gov/MeetingDocs/2025-May-7-Summary.pdf,2025-May-7-Summary.pdf,212769,downloaded,0a25e52dc7f9e4c8ffa1eb01910a250c13a39481cc44a87f572ca1a2ea3ddde7
2025,2025-05-21,https://bpw.maryland.gov/MeetingDocs/2025-May-21-Summary.pdf,2025-May-21-Summary.pdf,203534,downloaded,1ee5fcc648a8d91f19ec02a00596e89fb4725f59aae6fd63154f5e61b920acaa
2025,2025-06-11,https://bpw.maryland.gov/MeetingDocs/2025-Jun-11-Summary.pdf,2025-Jun-11-Summary.pdf,303093,downloaded,f05e59fc7a87103f693ada39394fed4b46ca8920868fd33fff99d7869940489d
2025,2025-07-02,https://bpw.maryland.gov/MeetingDocs/2025-Jul-2-Summary.pdf,2025-Jul-2-Summary.pdf,216963,downloaded,077640e5767c8a1ed9d05e39c44f3b3db38a45180fbbb583455018561343936c
2025,2025-07-16,https://bpw.maryland.gov/MeetingDocs/2025-Jul-16-Summary.pdf,2025-Jul-16-Summary.pdf,171426,downloaded,4dd3d6a37d4e54c3d44d5ecd216721fa06e92a8b0b7680d8370d08bc7f667bc5
2025,2025-08-06,https://bpw.maryland.gov/MeetingDocs/2025-Aug-6-Summary.pdf,2025-Aug-6-Summary.pdf,199659,downloaded,c4c8dc6bf59e0a0ea95e64eb56500f9351ddcd394637af919e766ffc48dd4933
2025,2025-08-27,https://bpw.maryland.gov/MeetingDocs/2025-Aug-27-Summary.pdf,2025-Aug-27-Summary.pdf,302776,downloaded,ac8d10d56ba0537ac7cbfbf449e5be436aaaf9cff3d01b9416b4ec2bf29589dd
2025,2025-09-10,https://bpw.maryland.gov/MeetingDocs/2025-Sep-10-Summary.pdf,2025-Sep-10-Summary.pdf,193824,downloaded,5aa7b924ecf6fc37d082b27d85b5008be22bda8438a953e34a3546c5619929c9
2025,2025-10-01,https://bpw.maryland.gov/MeetingDocs/2025-Oct-1-Summary.pdf,2025-Oct-1-Summary.pdf,240851,downloaded,5f78df3d20ecb8cb8b5268d464eb0a29070b9fc7f0fe22e59740f2e372b75bb5
2025,2025-10-22,https://bpw.maryland.gov/MeetingDocs/2025-Oct-22-Summary.pdf,2025-Oct-22-Summary.pdf,186223,downloaded,732e415f5a5a156f04452c463be0caac5607f00b899ccbeb19993a59d67f91db
2025,2025-11-05,https://bpw.maryland.gov/MeetingDocs/2025-Nov-5-Summary.pdf,2025-Nov-5-Summary.pdf,192736,downloaded,8f68d0dbd95e53a15057632b1145ca8df21d5b9b4bc8ba3818ad16639342de3b
2025,2025-11-19,https://bpw.maryland.gov/MeetingDocs/2025-Nov-19-Summary.pdf,2025-Nov-19-Summary.pdf,163777,downloaded,9c0b0f55ce67982514d684cfb216d80c5e7acf148b7d08ec996581780f377db6
2025,2025-12-03,https://bpw.maryland.gov/MeetingDocs/2025-Dec-3-Summary.pdf,2025-Dec-3-Summary.pdf,172255,downloaded,09afefd992efaef20459d307e676f1298f0165782094225a91223ee9a9ed4fff
2025,2025-12-17,https://bpw.maryland.gov/MeetingDocs/2025-Dec-17-Summary.pdf,2025-Dec-17-Summary.pdf,280539,downloaded,c68c822b781fce1922c5fa0b4d1ea010f46a56629920c5b4e0122d72b2055462
2026,2026-01-07,https://bpw.maryland.gov/MeetingDocs/2026-Jan-7-Summary.pdf,2026-Jan-7-Summary.pdf,207299,downloaded,746a4e77a49d558bf1520f64130854a36cbda20ff2fb2b1eb536e3f080e348c8
2026,2026-01-28,https://bpw.maryland.gov/MeetingDocs/2026-Jan-28-Summary.pdf,2026-Jan-28-Summary.pdf,208846,downloaded,e4d351a163286387ef9749aebdf429a38ca7c056b45b633442d0dccbaeaf6663
2026,2026-02-18,https://bpw.maryland.gov/MeetingDocs/2026-Feb-18-Summary.pdf,2026-Feb-18-Summary.pdf,235363,downloaded,e7d2d98acc08e3287b5828872f1fb01509f7da386ef144c9f083d9b38f85907f
2026,2026-03-04,https://bpw.maryland.gov/MeetingDocs/2026-Mar-4-Summary.pdf,2026-Mar-4-Summary.pdf,178474,downloaded,429f26a4632e20758acc5e6d3504eee9385a10b8621019bf4b8841054d710253
2026,2026-03-18,https://bpw.maryland.gov/MeetingDocs/2026-Mar-18-Summary.pdf,2026-Mar-18-Summary.pdf,187122,downloaded,40e7613f66dfd3676141775e15ce7d99bb6362a869b49bc668b85c8693d2515c
2026,2026-04-01,https://bpw.maryland.gov/MeetingDocs/2026-Apr-1-Summary.pdf,2026-Apr-1-Summary.pdf,218171,downloaded,f67aa33ca7de0939625f19f1359abe1f4ba3cdf63e70c73669d0d16458434878
2026,2026-04-22,https://bpw.maryland.gov/MeetingDocs/2026-Apr-22-Summary.pdf,2026-Apr-22-Summary.pdf,316651,downloaded,b033881f770657bf8fe9bbf008174a30cb80cc7cd66e28ee31ddd605be73d3d7
2026,2026-05-06,https://bpw.maryland.gov/MeetingDocs/2026-May-6-Summary.pdf,2026-May-6-Summary.pdf,187503,downloaded,c9f3936bb0537787ec6c5a7050c9595b7352c6f1abce8e0e16e92ccbe4200fe0
2026,2026-05-20,https://bpw.maryland.gov/MeetingDocs/2026-May-20-Summary.pdf,2026-May-20-Summary.pdf,191073,downloaded,dff9694e880feae7326ee30c1afc5e5847a04ca3eb777a311c71098b11c264c2
2026,2026-06-03,https://bpw.maryland.gov/MeetingDocs/2026-Jun-3-Summary.pdf,2026-Jun-3-Summary.pdf,176318,downloaded,4f33a516d1dc1626e9fe6c0b70872c30d562a9b4ea5ce0806f83b2feeb85393c
2026,2026-06-18,https://bpw.maryland.gov/MeetingDocs/2026-Jun-18-Summary.pdf,2026-Jun-18-Summary.pdf,198589,downloaded,c9181518d5889c037d73e182c469708baed0f067c3a86c902cd33128a82d3fa6
2026,2026-07-01,https://bpw.maryland.gov/MeetingDocs/2026-Jul-1-Summary.pdf,2026-Jul-1-Summary.pdf,260365,downloaded,2a3610e1a767e58f39843ff19d6f1ffc18f075d0a197a8cc648f4aced27f5f98
2026,2026-07-22,https://bpw.maryland.gov/MeetingDocs/2026-Jul-22-Summary.pdf,2026-Jul-22-Summary.pdf,198240,downloaded,575c2515aa2894086256cfa445c5b9bde1d85a9fe8212e2c977ba10eb57997fa
2026,2026-08-05,https://bpw.maryland.gov/MeetingDocs/2026-Aug-5-Summary.pdf,2026-Aug-5-Summary.pdf,139965,downloaded,5aada90b80572a34e9437f3251446cef7700e26821e57996a9f8e5da07ef3fac
2026,2026-08-19,https://bpw.maryland.gov/MeetingDocs/2026-Aug-19-Summary.pdf,2026-Aug-19-Summary.pdf,198896,downloaded,68f71e5739667f878cb6b769b281f36d0b9d0c977bb2edd1bd674882c1196cba
2026,2026-09-02,https://bpw.maryland.gov/MeetingDocs/2026-Sep-2-Summary.pdf,2026-Sep-2-Summary.pdf,181408,downloaded,c76caf90fe1e3dddecedbee0467ab58dc5ec2798fbdf73d7d93dc4772454e8bf
2026,2026-09-16,https://bpw.maryland.gov/MeetingDocs/2026-Sep-16-Summary.pdf,2026-Sep-16-Summary.pdf,258964,downloaded,dfa4f9b566062a0c8c649818f35138f2e46bf65f80dc67e9a83a62d286f897aa
